Date;Ouverture;Plus_Haut;Plus_Bas;Cloture;Volume_Titres;Volume_FCFA;Variation_Pct
2019-06-03;58,45;58,45;58,45;58,45;0;0,0;
2019-06-05;58,49;58,49;58,49;58,49;0;0,0;0,07
2019-06-06;58,2;58,2;58,2;58,2;0;0,0;-0,5
2019-06-07;58,94;58,94;58,94;58,94;0;0,0;1,27
2019-06-11;58,25;58,25;58,25;58,25;0;0,0;-1,17
2019-06-12;58,6;58,6;58,6;58,6;0;0,0;0,6
2019-06-13;58,55;58,55;58,55;58,55;0;0,0;-0,09
2019-06-14;58,91;58,91;58,91;58,91;0;0,0;0,61
2019-06-17;58,26;58,26;58,26;58,26;0;0,0;-1,1
2019-06-18;58,25;58,25;58,25;58,25;0;0,0;-0,02
2019-06-19;58,05;58,05;58,05;58,05;0;0,0;-0,34
2019-06-20;58,19;58,19;58,19;58,19;0;0,0;0,24
2019-06-21;58,34;58,34;58,34;58,34;0;0,0;0,26
2019-06-24;58,64;58,64;58,64;58,64;0;0,0;0,51
2019-06-25;57,51;57,51;57,51;57,51;0;0,0;-1,93
2019-06-26;58,8;58,8;58,8;58,8;0;0,0;2,24
2019-06-27;58,55;58,55;58,55;58,55;0;0,0;-0,43
2019-06-28;58,68;58,68;58,68;58,68;0;0,0;0,22
2019-07-01;58,85;58,85;58,85;58,85;0;0,0;0,29
2019-07-02;58,94;58,94;58,94;58,94;0;0,0;0,15
2019-07-03;58,32;58,32;58,32;58,32;0;0,0;-1,05
2019-07-04;58,18;58,18;58,18;58,18;0;0,0;-0,24
2019-07-05;58,29;58,29;58,29;58,29;0;0,0;0,19
2019-07-08;58,22;58,22;58,22;58,22;0;0,0;-0,12
2019-07-09;58,11;58,11;58,11;58,11;0;0,0;-0,19
2019-07-10;58,1;58,1;58,1;58,1;0;0,0;-0,02
2019-07-11;57,98;57,98;57,98;57,98;0;0,0;-0,21
2019-07-12;57,96;57,96;57,96;57,96;0;0,0;-0,03
2019-07-15;57,75;57,75;57,75;57,75;0;0,0;-0,36
2019-07-16;57,64;57,64;57,64;57,64;0;0,0;-0,19
2019-07-17;57,03;57,03;57,03;57,03;0;0,0;-1,06
2019-07-18;57,64;57,64;57,64;57,64;0;0,0;1,07
2019-07-19;58,57;58,57;58,57;58,57;0;0,0;1,61
2019-07-22;58,03;58,03;58,03;58,03;0;0,0;-0,92
2019-07-23;57,31;57,31;57,31;57,31;0;0,0;-1,24
2019-07-24;57,37;57,37;57,37;57,37;0;0,0;0,1
2019-07-25;57,56;57,56;57,56;57,56;0;0,0;0,33
2019-07-26;57,28;57,28;57,28;57,28;0;0,0;-0,49
2019-07-29;57,18;57,18;57,18;57,18;0;0,0;-0,17
2019-07-30;57,31;57,31;57,31;57,31;0;0,0;0,23
2019-07-31;57,66;57,66;57,66;57,66;0;0,0;0,61
2019-08-01;57,13;57,13;57,13;57,13;0;0,0;-0,92
2019-08-02;56,56;56,56;56,56;56,56;0;0,0;-1,0
2019-08-05;56,43;56,43;56,43;56,43;0;0,0;-0,23
2019-08-06;56,36;56,36;56,36;56,36;0;0,0;-0,12
2019-08-07;56,36;56,36;56,36;56,36;0;0,0;0,0
2019-08-08;56,26;56,26;56,26;56,26;0;0,0;-0,18
2019-08-09;57,16;57,16;57,16;57,16;0;0,0;1,6
2019-08-12;57,16;57,16;57,16;57,16;0;0,0;0,0
2019-08-13;56,42;56,42;56,42;56,42;0;0,0;-1,29
2019-08-14;56,17;56,17;56,17;56,17;0;0,0;-0,44
2019-08-15;56,17;56,17;56,17;56,17;0;0,0;0,0
2019-08-16;55,84;55,84;55,84;55,84;0;0,0;-0,59
2019-08-19;55,88;55,88;55,88;55,88;0;0,0;0,07
2019-08-20;55,87;55,87;55,87;55,87;0;0,0;-0,02
2019-08-21;55,55;55,55;55,55;55,55;0;0,0;-0,57
2019-08-22;55,82;55,82;55,82;55,82;0;0,0;0,49
2019-08-23;55,72;55,72;55,72;55,72;0;0,0;-0,18
2019-08-26;55,87;55,87;55,87;55,87;0;0,0;0,27
2019-08-27;56,15;56,15;56,15;56,15;0;0,0;0,5
2019-08-28;55,69;55,69;55,69;55,69;0;0,0;-0,82
2019-08-29;56,0;56,0;56,0;56,0;0;0,0;0,56
2019-08-30;56,06;56,06;56,06;56,06;0;0,0;0,11
2019-09-02;55,08;55,08;55,08;55,08;0;0,0;-1,75
2019-09-03;55,65;55,65;55,65;55,65;0;0,0;1,03
2019-09-04;55,62;55,62;55,62;55,62;0;0,0;-0,05
2019-09-05;56,36;56,36;56,36;56,36;0;0,0;1,33
2019-09-06;55,94;55,94;55,94;55,94;0;0,0;-0,75
2019-09-09;55,53;55,53;55,53;55,53;0;0,0;-0,73
2019-09-10;55,27;55,27;55,27;55,27;0;0,0;-0,47
2019-09-11;55,37;55,37;55,37;55,37;0;0,0;0,18
2019-09-12;55,05;55,05;55,05;55,05;0;0,0;-0,58
2019-09-13;55,56;55,56;55,56;55,56;0;0,0;0,93
2019-09-16;56,0;56,0;56,0;56,0;0;0,0;0,79
2019-09-17;55,66;55,66;55,66;55,66;0;0,0;-0,61
2019-09-18;54,92;54,92;54,92;54,92;0;0,0;-1,33
2019-09-19;54,73;54,73;54,73;54,73;0;0,0;-0,35
2019-09-20;55,54;55,54;55,54;55,54;0;0,0;1,48
2019-09-23;55,24;55,24;55,24;55,24;0;0,0;-0,54
2019-09-24;54,51;54,51;54,51;54,51;0;0,0;-1,32
2019-09-25;54,76;54,76;54,76;54,76;0;0,0;0,46
2019-09-26;53,82;53,82;53,82;53,82;0;0,0;-1,72
2019-09-27;54,38;54,38;54,38;54,38;0;0,0;1,04
2019-09-30;54,44;54,44;54,44;54,44;0;0,0;0,11
2019-10-01;54,04;54,04;54,04;54,04;0;0,0;-0,73
2019-10-02;53,81;53,81;53,81;53,81;0;0,0;-0,43
2019-10-03;54,07;54,07;54,07;54,07;0;0,0;0,48
2019-10-04;54,4;54,4;54,4;54,4;0;0,0;0,61
2019-10-07;54,08;54,08;54,08;54,08;0;0,0;-0,59
2019-10-08;53,45;53,45;53,45;53,45;0;0,0;-1,16
2019-10-09;53,04;53,04;53,04;53,04;0;0,0;-0,77
2019-10-10;53,79;53,79;53,79;53,79;0;0,0;1,41
2019-10-11;53,9;53,9;53,9;53,9;0;0,0;0,2
2019-10-14;53,8;53,8;53,8;53,8;0;0,0;-0,19
2019-10-15;53,88;53,88;53,88;53,88;0;0,0;0,15
2019-10-16;54,15;54,15;54,15;54,15;0;0,0;0,5
2019-10-17;53,69;53,69;53,69;53,69;0;0,0;-0,85
2019-10-18;54,45;54,45;54,45;54,45;0;0,0;1,42
2019-10-21;54,7;54,7;54,7;54,7;0;0,0;0,46
2019-10-22;54,84;54,84;54,84;54,84;0;0,0;0,26
2019-10-23;54,67;54,67;54,67;54,67;0;0,0;-0,31
2019-10-24;54,69;54,69;54,69;54,69;0;0,0;0,04
2019-10-25;54,65;54,65;54,65;54,65;0;0,0;-0,07
2019-10-28;54,8;54,8;54,8;54,8;0;0,0;0,27
2019-10-29;54,64;54,64;54,64;54,64;0;0,0;-0,29
2019-10-30;54,59;54,59;54,59;54,59;0;0,0;-0,09
2019-10-31;54,59;54,59;54,59;54,59;0;0,0;0,0
2019-11-01;54,59;54,59;54,59;54,59;0;0,0;0,0
2019-11-04;53,75;53,75;53,75;53,75;0;0,0;-1,54
2019-11-05;53,65;53,65;53,65;53,65;0;0,0;-0,19
2019-11-06;55,11;55,11;55,11;55,11;0;0,0;2,72
2019-11-07;55,2;55,2;55,2;55,2;0;0,0;0,16
2019-11-08;54,72;54,72;54,72;54,72;0;0,0;-0,87
2019-11-11;54,73;54,73;54,73;54,73;0;0,0;0,02
2019-11-12;54,54;54,54;54,54;54,54;0;0,0;-0,35
2019-11-13;53,63;53,63;53,63;53,63;0;0,0;-1,67
2019-11-14;53,91;53,91;53,91;53,91;0;0,0;0,52
2019-11-18;53,48;53,48;53,48;53,48;0;0,0;-0,8
2019-11-19;53,31;53,31;53,31;53,31;0;0,0;-0,32
2019-11-20;53,44;53,44;53,44;53,44;0;0,0;0,24
2019-11-21;53,23;53,23;53,23;53,23;0;0,0;-0,39
2019-11-22;54,09;54,09;54,09;54,09;0;0,0;1,62
2019-11-25;54,25;54,25;54,25;54,25;0;0,0;0,3
2019-11-26;54,83;54,83;54,83;54,83;0;0,0;1,07
2019-11-27;55,05;55,05;55,05;55,05;0;0,0;0,4
2019-11-28;55,14;55,14;55,14;55,14;0;0,0;0,16
2019-11-29;55,49;55,49;55,49;55,49;0;0,0;0,63
2019-12-02;55,55;55,55;55,55;55,55;0;0,0;0,11
2019-12-03;55,39;55,39;55,39;55,39;0;0,0;-0,29
2019-12-04;56,14;56,14;56,14;56,14;0;0,0;1,35
2019-12-05;55,91;55,91;55,91;55,91;0;0,0;-0,41
2019-12-06;56,38;56,38;56,38;56,38;0;0,0;0,84
2019-12-09;55,9;55,9;55,9;55,9;0;0,0;-0,85
2019-12-10;56,37;56,37;56,37;56,37;0;0,0;0,84
2019-12-11;57,11;57,11;57,11;57,11;0;0,0;1,31
2019-12-12;56,84;56,84;56,84;56,84;0;0,0;-0,47
2019-12-13;56,87;56,87;56,87;56,87;0;0,0;0,05
2019-12-16;57,62;57,62;57,62;57,62;0;0,0;1,32
2019-12-17;57,44;57,44;57,44;57,44;0;0,0;-0,31
2019-12-18;57,31;57,31;57,31;57,31;0;0,0;-0,23
2019-12-19;57,67;57,67;57,67;57,67;0;0,0;0,63
2019-12-20;58,04;58,04;58,04;58,04;0;0,0;0,64
2019-12-23;58,1;58,1;58,1;58,1;0;0,0;0,1
2019-12-24;59,38;59,38;59,38;59,38;0;0,0;2,2
2019-12-25;59,38;59,38;59,38;59,38;0;0,0;0,0
2019-12-26;59,74;59,74;59,74;59,74;0;0,0;0,61
2019-12-27;60,33;60,33;60,33;60,33;0;0,0;0,99
2019-12-30;60,28;60,28;60,28;60,28;0;0,0;-0,08
2019-12-31;60,99;60,99;60,99;60,99;0;0,0;1,18
2020-01-01;60,99;60,99;60,99;60,99;0;0,0;0,0
2020-01-02;59,74;59,74;59,74;59,74;0;0,0;-2,05
2020-01-03;59,42;59,42;59,42;59,42;0;0,0;-0,54
2020-01-06;58,87;58,87;58,87;58,87;0;0,0;-0,93
2020-01-07;57,74;57,74;57,74;57,74;0;0,0;-1,92
2020-01-08;58,3;58,3;58,3;58,3;0;0,0;0,97
2020-01-09;57,98;57,98;57,98;57,98;0;0,0;-0,55
2020-01-10;57,33;57,33;57,33;57,33;0;0,0;-1,12
2020-01-13;57,22;57,22;57,22;57,22;0;0,0;-0,19
2020-01-14;56,83;56,83;56,83;56,83;0;0,0;-0,68
2020-01-15;57,99;57,99;57,99;57,99;0;0,0;2,04
2020-01-16;57,16;57,16;57,16;57,16;0;0,0;-1,43
2020-01-17;57,76;57,76;57,76;57,76;0;0,0;1,05
2020-01-20;58,11;58,11;58,11;58,11;0;0,0;0,61
2020-01-21;57,6;57,6;57,6;57,6;0;0,0;-0,88
2020-01-22;58,04;58,04;58,04;58,04;0;0,0;0,76
2020-01-23;58,14;58,14;58,14;58,14;0;0,0;0,17
2020-01-24;59,11;59,11;59,11;59,11;0;0,0;1,67
2020-01-27;58,59;58,59;58,59;58,59;0;0,0;-0,88
2020-01-28;58,47;58,47;58,47;58,47;0;0,0;-0,2
2020-01-29;58,33;58,33;58,33;58,33;0;0,0;-0,24
2020-01-30;58,48;58,48;58,48;58,48;0;0,0;0,26
2020-01-31;58,58;58,58;58,58;58,58;0;0,0;0,17
2020-02-03;57,7;57,7;57,7;57,7;0;0,0;-1,5
2020-02-04;58,48;58,48;58,48;58,48;0;0,0;1,35
2020-02-05;58,14;58,14;58,14;58,14;0;0,0;-0,58
2020-02-06;57,51;57,51;57,51;57,51;0;0,0;-1,08
2020-02-07;57,13;57,13;57,13;57,13;0;0,0;-0,66
2020-02-10;56,65;56,65;56,65;56,65;0;0,0;-0,84
2020-02-11;56,16;56,16;56,16;56,16;0;0,0;-0,86
2020-02-12;56,16;56,16;56,16;56,16;0;0,0;0,0
2020-02-13;55,96;55,96;55,96;55,96;0;0,0;-0,36
2020-02-14;55,53;55,53;55,53;55,53;0;0,0;-0,77
2020-02-17;55,74;55,74;55,74;55,74;0;0,0;0,38
2020-02-18;55,54;55,54;55,54;55,54;0;0,0;-0,36
2020-02-19;55,68;55,68;55,68;55,68;0;0,0;0,25
2020-02-20;55,43;55,43;55,43;55,43;0;0,0;-0,45
2020-02-21;55,6;55,6;55,6;55,6;0;0,0;0,31
2020-02-24;55,11;55,11;55,11;55,11;0;0,0;-0,88
2020-02-25;55,18;55,18;55,18;55,18;0;0,0;0,13
2020-02-26;55,01;55,01;55,01;55,01;0;0,0;-0,31
2020-02-27;54,99;54,99;54,99;54,99;0;0,0;-0,04
2020-02-28;55,42;55,42;55,42;55,42;0;0,0;0,78
2020-03-02;55,61;55,61;55,61;55,61;0;0,0;0,34
2020-03-03;55,52;55,52;55,52;55,52;0;0,0;-0,16
2020-03-04;55,4;55,4;55,4;55,4;0;0,0;-0,22
2020-03-05;55,13;55,13;55,13;55,13;0;0,0;-0,49
2020-03-06;55,58;55,58;55,58;55,58;0;0,0;0,82
2020-03-09;55,66;55,66;55,66;55,66;0;0,0;0,14
2020-03-10;55,63;55,63;55,63;55,63;0;0,0;-0,05
2020-03-11;55,61;55,61;55,61;55,61;0;0,0;-0,04
2020-03-12;55,32;55,32;55,32;55,32;0;0,0;-0,52
2020-03-13;55,32;55,32;55,32;55,32;0;0,0;0,0
2020-03-16;55,05;55,05;55,05;55,05;0;0,0;-0,49
2020-03-17;54,97;54,97;54,97;54,97;0;0,0;-0,15
2020-03-18;55,05;55,05;55,05;55,05;0;0,0;0,15
2020-03-19;54,92;54,92;54,92;54,92;0;0,0;-0,24
2020-03-20;54,85;54,85;54,85;54,85;0;0,0;-0,13
2020-03-23;54,45;54,45;54,45;54,45;0;0,0;-0,73
2020-03-24;54,31;54,31;54,31;54,31;0;0,0;-0,26
2020-03-25;54,02;54,02;54,02;54,02;0;0,0;-0,53
2020-03-26;53,96;53,96;53,96;53,96;0;0,0;-0,11
2020-03-27;53,55;53,55;53,55;53,55;0;0,0;-0,76
2020-03-30;53,24;53,24;53,24;53,24;0;0,0;-0,58
2020-03-31;52,94;52,94;52,94;52,94;0;0,0;-0,56
2020-04-01;53,24;53,24;53,24;53,24;0;0,0;0,57
2020-04-02;53,13;53,13;53,13;53,13;0;0,0;-0,21
2020-04-03;52,65;52,65;52,65;52,65;0;0,0;-0,9
2020-04-06;52,49;52,49;52,49;52,49;0;0,0;-0,3
2020-04-07;52,41;52,41;52,41;52,41;0;0,0;-0,15
2020-04-08;52,29;52,29;52,29;52,29;0;0,0;-0,23
2020-04-09;52,46;52,46;52,46;52,46;0;0,0;0,33
2020-04-10;52,47;52,47;52,47;52,47;0;0,0;0,02
2020-04-13;52,47;52,47;52,47;52,47;0;0,0;0,0
2020-04-14;52,9;52,9;52,9;52,9;0;0,0;0,82
2020-04-15;53,05;53,05;53,05;53,05;0;0,0;0,28
2020-04-16;52,66;52,66;52,66;52,66;0;0,0;-0,74
2020-04-17;53,1;53,1;53,1;53,1;0;0,0;0,84
2020-04-24;53,14;53,14;53,14;53,14;0;0,0;0,08
2020-04-27;53,11;53,11;53,11;53,11;0;0,0;-0,06
2020-04-28;53,2;53,2;53,2;53,2;0;0,0;0,17
2020-04-29;53,0;53,0;53,0;53,0;0;0,0;-0,38
2020-04-30;53,21;53,21;53,21;53,21;0;0,0;0,4
2020-05-01;53,21;53,21;53,21;53,21;0;0,0;0,0
2020-05-04;53,12;53,12;53,12;53,12;0;0,0;-0,17
2020-05-05;53,22;53,22;53,22;53,22;0;0,0;0,19
2020-05-06;53,51;53,51;53,51;53,51;0;0,0;0,54
2020-05-07;53,17;53,17;53,17;53,17;0;0,0;-0,64
2020-05-08;53,72;53,72;53,72;53,72;0;0,0;1,03
2020-05-11;53,0;53,0;53,0;53,0;0;0,0;-1,34
2020-05-12;53,04;53,04;53,04;53,04;0;0,0;0,08
2020-05-13;52,86;52,86;52,86;52,86;0;0,0;-0,34
2020-05-14;52,42;52,42;52,42;52,42;0;0,0;-0,83
2020-05-15;52,48;52,48;52,48;52,48;0;0,0;0,11
2020-05-18;52,15;52,15;52,15;52,15;0;0,0;-0,63
2020-05-19;52,39;52,39;52,39;52,39;0;0,0;0,46
2020-05-22;52,41;52,41;52,41;52,41;0;0,0;0,04
2020-05-25;52,22;52,22;52,22;52,22;0;0,0;-0,36
2020-05-26;52,16;52,16;52,16;52,16;0;0,0;-0,11
2020-05-27;52,43;52,43;52,43;52,43;0;0,0;0,52
2020-05-28;52,6;52,6;52,6;52,6;0;0,0;0,32
2020-05-29;52,49;52,49;52,49;52,49;0;0,0;-0,21
2020-06-01;52,49;52,49;52,49;52,49;0;0,0;0,0
2020-06-02;52,79;52,79;52,79;52,79;0;0,0;0,57
2020-06-03;53,07;53,07;53,07;53,07;0;0,0;0,53
2020-06-04;53,65;53,65;53,65;53,65;0;0,0;1,09
2020-06-05;53,95;53,95;53,95;53,95;0;0,0;0,56
2020-06-08;54,08;54,08;54,08;54,08;0;0,0;0,24
2020-06-09;54,55;54,55;54,55;54,55;0;0,0;0,87
2020-06-10;54,56;54,56;54,56;54,56;0;0,0;0,02
2020-06-11;54,51;54,51;54,51;54,51;0;0,0;-0,09
2020-06-12;54,9;54,9;54,9;54,9;0;0,0;0,72
2020-06-15;54,61;54,61;54,61;54,61;0;0,0;-0,53
2020-06-16;54,44;54,44;54,44;54,44;0;0,0;-0,31
2020-06-17;54,17;54,17;54,17;54,17;0;0,0;-0,5
2020-06-18;54,47;54,47;54,47;54,47;0;0,0;0,55
2020-06-19;54,65;54,65;54,65;54,65;0;0,0;0,33
2020-06-22;54,66;54,66;54,66;54,66;0;0,0;0,02
2020-06-23;54,41;54,41;54,41;54,41;0;0,0;-0,46
2020-06-24;54,27;54,27;54,27;54,27;0;0,0;-0,26
2020-06-25;53,79;53,79;53,79;53,79;0;0,0;-0,88
2020-06-26;53,79;53,79;53,79;53,79;0;0,0;0,0
2020-06-29;54,3;54,3;54,3;54,3;0;0,0;0,95
2020-06-30;54,19;54,19;54,19;54,19;0;0,0;-0,2
2020-07-01;54,03;54,03;54,03;54,03;0;0,0;-0,3
2020-07-02;53,97;53,97;53,97;53,97;0;0,0;-0,11
2020-07-03;53,75;53,75;53,75;53,75;0;0,0;-0,41
2020-07-06;53,26;53,26;53,26;53,26;0;0,0;-0,91
2020-07-07;53,0;53,0;53,0;53,0;0;0,0;-0,49
2020-07-08;53,05;53,05;53,05;53,05;0;0,0;0,09
2020-07-09;52,83;52,83;52,83;52,83;0;0,0;-0,41
2020-07-10;52,72;52,72;52,72;52,72;0;0,0;-0,21
2020-07-13;52,88;52,88;52,88;52,88;0;0,0;0,3
2020-07-14;52,86;52,86;52,86;52,86;0;0,0;-0,04
2020-07-15;52,5;52,5;52,5;52,5;0;0,0;-0,68
2020-07-16;52,29;52,29;52,29;52,29;0;0,0;-0,4
2020-07-17;52,62;52,62;52,62;52,62;0;0,0;0,63
2020-07-20;52,3;52,3;52,3;52,3;0;0,0;-0,61
2020-07-21;52,2;52,2;52,2;52,2;0;0,0;-0,19
2020-07-22;51,8;51,8;51,8;51,8;0;0,0;-0,77
2020-07-23;51,76;51,76;51,76;51,76;0;0,0;-0,08
2020-07-24;51,85;51,85;51,85;51,85;0;0,0;0,17
2020-07-27;51,6;51,6;51,6;51,6;0;0,0;-0,48
2020-07-28;51,93;51,93;51,93;51,93;0;0,0;0,64
2020-07-29;52,15;52,15;52,15;52,15;0;0,0;0,42
2020-07-30;52,39;52,39;52,39;52,39;0;0,0;0,46
2020-07-31;52,39;52,39;52,39;52,39;0;0,0;0,0
2020-08-03;51,69;51,69;51,69;51,69;0;0,0;-1,34
2020-08-04;52,08;52,08;52,08;52,08;0;0,0;0,75
2020-08-05;51,95;51,95;51,95;51,95;0;0,0;-0,25
2020-08-06;51,68;51,68;51,68;51,68;0;0,0;-0,52
2020-08-07;51,68;51,68;51,68;51,68;0;0,0;0,0
2020-08-10;51,95;51,95;51,95;51,95;0;0,0;0,52
2020-08-11;51,94;51,94;51,94;51,94;0;0,0;-0,02
2020-08-12;51,9;51,9;51,9;51,9;0;0,0;-0,08
2020-08-13;51,73;51,73;51,73;51,73;0;0,0;-0,33
2020-08-14;51,81;51,81;51,81;51,81;0;0,0;0,15
2020-08-17;51,52;51,52;51,52;51,52;0;0,0;-0,56
2020-08-18;51,59;51,59;51,59;51,59;0;0,0;0,14
2020-08-21;51,45;51,45;51,45;51,45;0;0,0;-0,27
2020-08-24;51,2;51,2;51,2;51,2;0;0,0;-0,49
2020-08-25;51,21;51,21;51,21;51,21;0;0,0;0,02
2020-08-26;51,75;51,75;51,75;51,75;0;0,0;1,05
2020-08-27;51,59;51,59;51,59;51,59;0;0,0;-0,31
2020-08-28;51,89;51,89;51,89;51,89;0;0,0;0,58
2020-08-31;52,62;52,62;52,62;52,62;0;0,0;1,41
2020-09-01;52,73;52,73;52,73;52,73;0;0,0;0,21
2020-09-02;51,84;51,84;51,84;51,84;0;0,0;-1,69
2020-09-03;51,71;51,71;51,71;51,71;0;0,0;-0,25
2020-09-04;52,09;52,09;52,09;52,09;0;0,0;0,73
2020-09-07;51,98;51,98;51,98;51,98;0;0,0;-0,21
2020-09-08;51,67;51,67;51,67;51,67;0;0,0;-0,6
2020-09-09;51,41;51,41;51,41;51,41;0;0,0;-0,5
2020-09-10;51,54;51,54;51,54;51,54;0;0,0;0,25
2020-09-11;51,83;51,83;51,83;51,83;0;0,0;0,56
2020-09-14;51,75;51,75;51,75;51,75;0;0,0;-0,15
2020-09-15;51,83;51,83;51,83;51,83;0;0,0;0,15
2020-09-16;51,81;51,81;51,81;51,81;0;0,0;-0,04
2020-09-17;51,98;51,98;51,98;51,98;0;0,0;0,33
2020-09-18;51,53;51,53;51,53;51,53;0;0,0;-0,87
2020-09-21;51,22;51,22;51,22;51,22;0;0,0;-0,6
2020-09-22;51,6;51,6;51,6;51,6;0;0,0;0,74
2020-09-23;51,6;51,6;51,6;51,6;0;0,0;0,0
2020-09-24;51,6;51,6;51,6;51,6;0;0,0;0,0
2020-09-25;51,6;51,6;51,6;51,6;0;0,0;0,0
2020-09-28;51,89;51,89;51,89;51,89;0;0,0;0,56
2020-09-29;51,76;51,76;51,76;51,76;0;0,0;-0,25
2020-09-30;52,48;52,48;52,48;52,48;0;0,0;1,39
2020-10-01;51,84;51,84;51,84;51,84;0;0,0;-1,22
2020-10-02;51,42;51,42;51,42;51,42;0;0,0;-0,81
2020-10-05;51,17;51,17;51,17;51,17;0;0,0;-0,49
2020-10-06;50,92;50,92;50,92;50,92;0;0,0;-0,49
2020-10-07;51,44;51,44;51,44;51,44;0;0,0;1,02
2020-10-08;50,38;50,38;50,38;50,38;0;0,0;-2,06
2020-10-09;51,51;51,51;51,51;51,51;0;0,0;2,24
2020-10-12;51,06;51,06;51,06;51,06;0;0,0;-0,87
2020-10-13;50,63;50,63;50,63;50,63;0;0,0;-0,84
2020-10-14;50,75;50,75;50,75;50,75;0;0,0;0,24
2020-10-15;50,76;50,76;50,76;50,76;0;0,0;0,02
2020-10-16;51,11;51,11;51,11;51,11;0;0,0;0,69
2020-10-19;51,33;51,33;51,33;51,33;0;0,0;0,43
2020-10-20;51,84;51,84;51,84;51,84;0;0,0;0,99
2020-10-21;52,0;52,0;52,0;52,0;0;0,0;0,31
2020-10-22;52,06;52,06;52,06;52,06;0;0,0;0,12
2020-10-23;52,21;52,21;52,21;52,21;0;0,0;0,29
2020-10-26;52,17;52,17;52,17;52,17;0;0,0;-0,08
2020-10-27;52,46;52,46;52,46;52,46;0;0,0;0,56
2020-10-28;53,06;53,06;53,06;53,06;0;0,0;1,14
2020-10-29;53,06;53,06;53,06;53,06;0;0,0;0,0
2020-10-30;53,62;53,62;53,62;53,62;0;0,0;1,06
2020-11-02;53,62;53,62;53,62;53,62;0;0,0;0,0
2020-11-03;52,85;52,85;52,85;52,85;0;0,0;-1,44
2020-11-04;52,57;52,57;52,57;52,57;0;0,0;-0,53
2020-11-05;53,46;53,46;53,46;53,46;0;0,0;1,69
2020-11-06;53,75;53,75;53,75;53,75;0;0,0;0,54
2020-11-09;54,37;54,37;54,37;54,37;0;0,0;1,15
2020-11-10;54,43;54,43;54,43;54,43;0;0,0;0,11
2020-11-11;54,27;54,27;54,27;54,27;0;0,0;-0,29
2020-11-12;54,0;54,0;54,0;54,0;0;0,0;-0,5
2020-11-13;53,77;53,77;53,77;53,77;0;0,0;-0,43
2020-11-16;53,98;53,98;53,98;53,98;0;0,0;0,39
2020-11-17;54,22;54,22;54,22;54,22;0;0,0;0,44
2020-11-18;54,24;54,24;54,24;54,24;0;0,0;0,04
2020-11-19;53,9;53,9;53,9;53,9;0;0,0;-0,63
2020-11-20;53,77;53,77;53,77;53,77;0;0,0;-0,24
2020-11-23;55,06;55,06;55,06;55,06;0;0,0;2,4
2020-11-24;54,9;54,9;54,9;54,9;0;0,0;-0,29
2020-11-25;55,5;55,5;55,5;55,5;0;0,0;1,09
2020-11-26;55,69;55,69;55,69;55,69;0;0,0;0,34
2020-11-27;56,15;56,15;56,15;56,15;0;0,0;0,83
2020-11-30;56,63;56,63;56,63;56,63;0;0,0;0,85
2020-12-01;57,53;57,53;57,53;57,53;0;0,0;1,59
2020-12-02;57,05;57,05;57,05;57,05;0;0,0;-0,83
2020-12-03;57,06;57,06;57,06;57,06;0;0,0;0,02
2020-12-04;56,13;56,13;56,13;56,13;0;0,0;-1,63
2020-12-07;56,03;56,03;56,03;56,03;0;0,0;-0,18
2020-12-08;56,6;56,6;56,6;56,6;0;0,0;1,02
2020-12-09;56,34;56,34;56,34;56,34;0;0,0;-0,46
2020-12-10;56,67;56,67;56,67;56,67;0;0,0;0,59
2020-12-11;56,84;56,84;56,84;56,84;0;0,0;0,3
2020-12-14;56,69;56,69;56,69;56,69;0;0,0;-0,26
2020-12-15;56,49;56,49;56,49;56,49;0;0,0;-0,35
2020-12-16;56,63;56,63;56,63;56,63;0;0,0;0,25
2020-12-17;56,96;56,96;56,96;56,96;0;0,0;0,58
2020-12-18;57,62;57,62;57,62;57,62;0;0,0;1,16
2020-12-21;57,77;57,77;57,77;57,77;0;0,0;0,26
2020-12-22;57,41;57,41;57,41;57,41;0;0,0;-0,62
2020-12-23;58,12;58,12;58,12;58,12;0;0,0;1,24
2020-12-24;58,11;58,11;58,11;58,11;0;0,0;-0,02
2020-12-25;58,11;58,11;58,11;58,11;0;0,0;0,0
2020-12-28;58,27;58,27;58,27;58,27;0;0,0;0,28
2020-12-29;58,16;58,16;58,16;58,16;0;0,0;-0,19
2020-12-30;58,82;58,82;58,82;58,82;0;0,0;1,13
2020-12-31;59,99;59,99;59,99;59,99;0;0,0;1,99
2021-01-04;58,31;58,31;58,31;58,31;0;0,0;-2,8
2021-01-05;57,43;57,43;57,43;57,43;0;0,0;-1,51
2021-01-06;56,93;56,93;56,93;56,93;0;0,0;-0,87
2021-01-07;56,49;56,49;56,49;56,49;0;0,0;-0,77
2021-01-08;55,72;55,72;55,72;55,72;0;0,0;-1,36
2021-01-11;55,66;55,66;55,66;55,66;0;0,0;-0,11
2021-01-12;55,07;55,07;55,07;55,07;0;0,0;-1,06
2021-01-13;54,73;54,73;54,73;54,73;0;0,0;-0,62
2021-01-14;54,53;54,53;54,53;54,53;0;0,0;-0,37
2021-01-15;53,91;53,91;53,91;53,91;0;0,0;-1,14
2021-01-18;53,92;53,92;53,92;53,92;0;0,0;0,02
2021-01-19;53,93;53,93;53,93;53,93;0;0,0;0,02
2021-01-20;53,84;53,84;53,84;53,84;0;0,0;-0,17
2021-01-21;54,2;54,2;54,2;54,2;0;0,0;0,67
2021-01-22;54,54;54,54;54,54;54,54;0;0,0;0,63
2021-01-25;55,03;55,03;55,03;55,03;0;0,0;0,9
2021-01-26;55,12;55,12;55,12;55,12;0;0,0;0,16
2021-01-27;55,56;55,56;55,56;55,56;0;0,0;0,8
2021-01-28;55,55;55,55;55,55;55,55;0;0,0;-0,02
2021-01-29;56,48;56,48;56,48;56,48;0;0,0;1,67
2021-02-01;56,54;56,54;56,54;56,54;0;0,0;0,11
2021-02-02;56,52;56,52;56,52;56,52;0;0,0;-0,04
2021-02-03;57,4;57,4;57,4;57,4;0;0,0;1,56
2021-02-04;57,45;57,45;57,45;57,45;0;0,0;0,09
2021-02-05;57,39;57,39;57,39;57,39;0;0,0;-0,1
2021-02-08;57,11;57,11;57,11;57,11;0;0,0;-0,49
2021-02-09;56,34;56,34;56,34;56,34;0;0,0;-1,35
2021-02-10;55,64;55,64;55,64;55,64;0;0,0;-1,24
2021-02-11;54,9;54,9;54,9;54,9;0;0,0;-1,33
2021-02-12;55,15;55,15;55,15;55,15;0;0,0;0,46
2021-02-15;55,64;55,64;55,64;55,64;0;0,0;0,89
2021-02-16;55,29;55,29;55,29;55,29;0;0,0;-0,63
2021-02-17;54,98;54,98;54,98;54,98;0;0,0;-0,56
2021-02-18;55,02;55,02;55,02;55,02;0;0,0;0,07
2021-02-19;54,88;54,88;54,88;54,88;0;0,0;-0,25
2021-02-22;54,02;54,02;54,02;54,02;0;0,0;-1,57
2021-02-23;54,58;54,58;54,58;54,58;0;0,0;1,04
2021-02-24;54,83;54,83;54,83;54,83;0;0,0;0,46
2021-02-25;54,9;54,9;54,9;54,9;0;0,0;0,13
2021-02-26;54,97;54,97;54,97;54,97;0;0,0;0,13
2021-03-01;55,85;55,85;55,85;55,85;0;0,0;1,6
2021-03-02;54,88;54,88;54,88;54,88;0;0,0;-1,74
2021-03-03;54,84;54,84;54,84;54,84;0;0,0;-0,07
2021-03-04;54,96;54,96;54,96;54,96;0;0,0;0,22
2021-03-05;55,12;55,12;55,12;55,12;0;0,0;0,29
2021-03-08;56,01;56,01;56,01;56,01;0;0,0;1,61
2021-03-09;56,08;56,08;56,08;56,08;0;0,0;0,12
2021-03-10;55,85;55,85;55,85;55,85;0;0,0;-0,41
2021-03-11;56,16;56,16;56,16;56,16;0;0,0;0,56
2021-03-12;55,67;55,67;55,67;55,67;0;0,0;-0,87
2021-03-15;55,65;55,65;55,65;55,65;0;0,0;-0,04
2021-03-16;55,6;55,6;55,6;55,6;0;0,0;-0,09
2021-03-17;55,78;55,78;55,78;55,78;0;0,0;0,32
2021-03-18;55,83;55,83;55,83;55,83;0;0,0;0,09
2021-03-19;55,94;55,94;55,94;55,94;0;0,0;0,2
2021-03-22;56,33;56,33;56,33;56,33;0;0,0;0,7
2021-03-23;56,25;56,25;56,25;56,25;0;0,0;-0,14
2021-03-24;56,11;56,11;56,11;56,11;0;0,0;-0,25
2021-03-25;56,18;56,18;56,18;56,18;0;0,0;0,12
2021-03-26;55,55;55,55;55,55;55,55;0;0,0;-1,12
2021-03-29;55,82;55,82;55,82;55,82;0;0,0;0,49
2021-03-30;56,07;56,07;56,07;56,07;0;0,0;0,45
2021-03-31;55,67;55,67;55,67;55,67;0;0,0;-0,71
2021-04-01;56,17;56,17;56,17;56,17;0;0,0;0,9
2021-04-02;56,25;56,25;56,25;56,25;0;0,0;0,14
2021-04-05;56,25;56,25;56,25;56,25;0;0,0;0,0
2021-04-06;55,79;55,79;55,79;55,79;0;0,0;-0,82
2021-04-07;56,52;56,52;56,52;56,52;0;0,0;1,31
2021-04-08;56,6;56,6;56,6;56,6;0;0,0;0,14
2021-04-09;56,43;56,43;56,43;56,43;0;0,0;-0,3
2021-04-12;55,91;55,91;55,91;55,91;0;0,0;-0,92
2021-04-13;56,01;56,01;56,01;56,01;0;0,0;0,18
2021-04-14;55,87;55,87;55,87;55,87;0;0,0;-0,25
2021-04-15;56,19;56,19;56,19;56,19;0;0,0;0,57
2021-04-16;56,15;56,15;56,15;56,15;0;0,0;-0,07
2021-04-19;56,11;56,11;56,11;56,11;0;0,0;-0,07
2021-04-20;56,56;56,56;56,56;56,56;0;0,0;0,8
2021-04-21;56,84;56,84;56,84;56,84;0;0,0;0,5
2021-04-22;57,47;57,47;57,47;57,47;0;0,0;1,11
2021-04-23;57,55;57,55;57,55;57,55;0;0,0;0,14
2021-04-26;57,6;57,6;57,6;57,6;0;0,0;0,09
2021-04-27;57,78;57,78;57,78;57,78;0;0,0;0,31
2021-04-28;58,32;58,32;58,32;58,32;0;0,0;0,93
2021-04-29;57,9;57,9;57,9;57,9;0;0,0;-0,72
2021-04-30;58,36;58,36;58,36;58,36;0;0,0;0,79
2021-05-03;58,77;58,77;58,77;58,77;0;0,0;0,7
2021-05-04;58,39;58,39;58,39;58,39;0;0,0;-0,65
2021-05-05;58,95;58,95;58,95;58,95;0;0,0;0,96
2021-05-06;58,03;58,03;58,03;58,03;0;0,0;-1,56
2021-05-07;58,67;58,67;58,67;58,67;0;0,0;1,1
2021-05-10;57,04;57,04;57,04;57,04;0;0,0;-2,78
2021-05-11;57,17;57,17;57,17;57,17;0;0,0;0,23
2021-05-12;57,17;57,17;57,17;57,17;0;0,0;0,0
2021-05-14;56,92;56,92;56,92;56,92;0;0,0;-0,44
2021-05-17;57,17;57,17;57,17;57,17;0;0,0;0,44
2021-05-18;57,64;57,64;57,64;57,64;0;0,0;0,82
2021-05-19;56,97;56,97;56,97;56,97;0;0,0;-1,16
2021-05-20;57,41;57,41;57,41;57,41;0;0,0;0,77
2021-05-21;56,88;56,88;56,88;56,88;0;0,0;-0,92
2021-05-24;56,88;56,88;56,88;56,88;0;0,0;0,0
2021-05-25;57,38;57,38;57,38;57,38;0;0,0;0,88
2021-05-26;57,8;57,8;57,8;57,8;0;0,0;0,73
2021-05-27;58,41;58,41;58,41;58,41;0;0,0;1,06
2021-05-28;58,17;58,17;58,17;58,17;0;0,0;-0,41
2021-05-31;58,94;58,94;58,94;58,94;0;0,0;1,32
2021-06-01;58,68;58,68;58,68;58,68;0;0,0;-0,44
2021-06-02;58,28;58,28;58,28;58,28;0;0,0;-0,68
2021-06-03;58,36;58,36;58,36;58,36;0;0,0;0,14
2021-06-04;58,5;58,5;58,5;58,5;0;0,0;0,24
2021-06-07;58,92;58,92;58,92;58,92;0;0,0;0,72
2021-06-08;58,75;58,75;58,75;58,75;0;0,0;-0,29
2021-06-09;59,24;59,24;59,24;59,24;0;0,0;0,83
2021-06-10;59,13;59,13;59,13;59,13;0;0,0;-0,19
2021-06-11;59,09;59,09;59,09;59,09;0;0,0;-0,07
2021-06-14;59,16;59,16;59,16;59,16;0;0,0;0,12
2021-06-15;59,35;59,35;59,35;59,35;0;0,0;0,32
2021-06-16;58,99;58,99;58,99;58,99;0;0,0;-0,61
2021-06-17;58,76;58,76;58,76;58,76;0;0,0;-0,39
2021-06-18;59,28;59,28;59,28;59,28;0;0,0;0,88
2021-06-21;59,76;59,76;59,76;59,76;0;0,0;0,81
2021-06-22;59,66;59,66;59,66;59,66;0;0,0;-0,17
2021-06-23;59,59;59,59;59,59;59,59;0;0,0;-0,12
2021-06-24;59,65;59,65;59,65;59,65;0;0,0;0,1
2021-06-25;59,69;59,69;59,69;59,69;0;0,0;0,07
2021-06-28;58,94;58,94;58,94;58,94;0;0,0;-1,26
2021-06-29;59,61;59,61;59,61;59,61;0;0,0;1,14
2021-06-30;59,7;59,7;59,7;59,7;0;0,0;0,15
2021-07-01;59,25;59,25;59,25;59,25;0;0,0;-0,75
2021-07-02;59,32;59,32;59,32;59,32;0;0,0;0,12
2021-07-05;59,31;59,31;59,31;59,31;0;0,0;-0,02
2021-07-06;59,16;59,16;59,16;59,16;0;0,0;-0,25
2021-07-07;59,88;59,88;59,88;59,88;0;0,0;1,22
2021-07-08;59,86;59,86;59,86;59,86;0;0,0;-0,03
2021-07-09;59,8;59,8;59,8;59,8;0;0,0;-0,1
2021-07-12;59,37;59,37;59,37;59,37;0;0,0;-0,72
2021-07-13;58,82;58,82;58,82;58,82;0;0,0;-0,93
2021-07-14;59,42;59,42;59,42;59,42;0;0,0;1,02
2021-07-15;59,89;59,89;59,89;59,89;0;0,0;0,79
2021-07-16;59,27;59,27;59,27;59,27;0;0,0;-1,04
2021-07-19;60,09;60,09;60,09;60,09;0;0,0;1,38
2021-07-20;60,09;60,09;60,09;60,09;0;0,0;0,0
2021-07-21;59,75;59,75;59,75;59,75;0;0,0;-0,57
2021-07-22;60,14;60,14;60,14;60,14;0;0,0;0,65
2021-07-23;60,57;60,57;60,57;60,57;0;0,0;0,71
2021-07-26;60,29;60,29;60,29;60,29;0;0,0;-0,46
2021-07-27;60,55;60,55;60,55;60,55;0;0,0;0,43
2021-07-28;60,91;60,91;60,91;60,91;0;0,0;0,59
2021-07-29;61,15;61,15;61,15;61,15;0;0,0;0,39
2021-07-30;60,84;60,84;60,84;60,84;0;0,0;-0,51
2021-08-02;60,81;60,81;60,81;60,81;0;0,0;-0,05
2021-08-03;60,76;60,76;60,76;60,76;0;0,0;-0,08
2021-08-04;61,07;61,07;61,07;61,07;0;0,0;0,51
2021-08-05;60,95;60,95;60,95;60,95;0;0,0;-0,2
2021-08-06;61,33;61,33;61,33;61,33;0;0,0;0,62
2021-08-09;61,15;61,15;61,15;61,15;0;0,0;-0,29
2021-08-10;61,31;61,31;61,31;61,31;0;0,0;0,26
2021-08-11;61,78;61,78;61,78;61,78;0;0,0;0,77
2021-08-12;61,62;61,62;61,62;61,62;0;0,0;-0,26
2021-08-13;61,51;61,51;61,51;61,51;0;0,0;-0,18
2021-08-16;61,68;61,68;61,68;61,68;0;0,0;0,28
2021-08-17;62,35;62,35;62,35;62,35;0;0,0;1,09
2021-08-18;62,9;62,9;62,9;62,9;0;0,0;0,88
2021-08-19;63,02;63,02;63,02;63,02;0;0,0;0,19
2021-08-20;63,21;63,21;63,21;63,21;0;0,0;0,3
2021-08-23;63,62;63,62;63,62;63,62;0;0,0;0,65
2021-08-24;64,73;64,73;64,73;64,73;0;0,0;1,74
2021-08-25;64,0;64,0;64,0;64,0;0;0,0;-1,13
2021-08-26;63,98;63,98;63,98;63,98;0;0,0;-0,03
2021-08-27;64,03;64,03;64,03;64,03;0;0,0;0,08
2021-08-30;64,13;64,13;64,13;64,13;0;0,0;0,16
2021-08-31;64,91;64,91;64,91;64,91;0;0,0;1,22
2021-09-01;64,61;64,61;64,61;64,61;0;0,0;-0,46
2021-09-02;64,77;64,77;64,77;64,77;0;0,0;0,25
2021-09-03;64,77;64,77;64,77;64,77;0;0,0;0,0
2021-09-06;64,7;64,7;64,7;64,7;0;0,0;-0,11
2021-09-07;64,96;64,96;64,96;64,96;0;0,0;0,4
2021-09-08;65,63;65,63;65,63;65,63;0;0,0;1,03
2021-09-09;66,09;66,09;66,09;66,09;0;0,0;0,7
2021-09-10;66,1;66,1;66,1;66,1;0;0,0;0,02
2021-09-13;65,86;65,86;65,86;65,86;0;0,0;-0,36
2021-09-14;66,68;66,68;66,68;66,68;0;0,0;1,25
2021-09-15;67,25;67,25;67,25;67,25;0;0,0;0,85
2021-09-16;67,31;67,31;67,31;67,31;0;0,0;0,09
2021-09-17;67,57;67,57;67,57;67,57;0;0,0;0,39
2021-09-20;68,41;68,41;68,41;68,41;0;0,0;1,24
2021-09-21;68,69;68,69;68,69;68,69;0;0,0;0,41
2021-09-22;69,28;69,28;69,28;69,28;0;0,0;0,86
2021-09-23;69,81;69,81;69,81;69,81;0;0,0;0,77
2021-09-24;70,55;70,55;70,55;70,55;0;0,0;1,06
2021-09-27;69,83;69,83;69,83;69,83;0;0,0;-1,02
2021-09-28;70,27;70,27;70,27;70,27;0;0,0;0,63
2021-09-29;70,42;70,42;70,42;70,42;0;0,0;0,21
2021-09-30;70,61;70,61;70,61;70,61;0;0,0;0,27
2021-10-01;70,38;70,38;70,38;70,38;0;0,0;-0,33
2021-10-04;70,46;70,46;70,46;70,46;0;0,0;0,11
2021-10-05;70,92;70,92;70,92;70,92;0;0,0;0,65
2021-10-06;70,8;70,8;70,8;70,8;0;0,0;-0,17
2021-10-07;71,28;71,28;71,28;71,28;0;0,0;0,68
2021-10-08;70,96;70,96;70,96;70,96;0;0,0;-0,45
2021-10-11;71,09;71,09;71,09;71,09;0;0,0;0,18
2021-10-12;70,86;70,86;70,86;70,86;0;0,0;-0,32
2021-10-13;70,48;70,48;70,48;70,48;0;0,0;-0,54
2021-10-14;70,98;70,98;70,98;70,98;0;0,0;0,71
2021-10-15;70,67;70,67;70,67;70,67;0;0,0;-0,44
2021-10-18;70,67;70,67;70,67;70,67;0;0,0;0,0
2021-10-19;70,25;70,25;70,25;70,25;0;0,0;-0,59
2021-10-20;70,6;70,6;70,6;70,6;0;0,0;0,5
2021-10-21;70,45;70,45;70,45;70,45;0;0,0;-0,21
2021-10-22;70,17;70,17;70,17;70,17;0;0,0;-0,4
2021-10-25;70,19;70,19;70,19;70,19;0;0,0;0,03
2021-10-26;70,16;70,16;70,16;70,16;0;0,0;-0,04
2021-10-27;70,16;70,16;70,16;70,16;0;0,0;0,0
2021-10-28;70,48;70,48;70,48;70,48;0;0,0;0,46
2021-10-29;71,54;71,54;71,54;71,54;0;0,0;1,5
2021-11-01;71,54;71,54;71,54;71,54;0;0,0;0,0
2021-11-02;71,71;71,71;71,71;71,71;0;0,0;0,24
2021-11-03;71,6;71,6;71,6;71,6;0;0,0;-0,15
2021-11-04;71,64;71,64;71,64;71,64;0;0,0;0,06
2021-11-05;70,57;70,57;70,57;70,57;0;0,0;-1,49
2021-11-08;70,33;70,33;70,33;70,33;0;0,0;-0,34
2021-11-09;69,61;69,61;69,61;69,61;0;0,0;-1,02
2021-11-10;69,85;69,85;69,85;69,85;0;0,0;0,34
2021-11-11;70,01;70,01;70,01;70,01;0;0,0;0,23
2021-11-12;70,17;70,17;70,17;70,17;0;0,0;0,23
2021-11-15;70,17;70,17;70,17;70,17;0;0,0;0,0
2021-11-16;69,78;69,78;69,78;69,78;0;0,0;-0,56
2021-11-17;70,48;70,48;70,48;70,48;0;0,0;1,0
2021-11-18;70,88;70,88;70,88;70,88;0;0,0;0,57
2021-11-19;71,31;71,31;71,31;71,31;0;0,0;0,61
2021-11-22;71,02;71,02;71,02;71,02;0;0,0;-0,41
2021-11-23;71,21;71,21;71,21;71,21;0;0,0;0,27
2021-11-24;71,63;71,63;71,63;71,63;0;0,0;0,59
2021-11-25;72,31;72,31;72,31;72,31;0;0,0;0,95
2021-11-26;73,26;73,26;73,26;73,26;0;0,0;1,31
2021-11-29;72,99;72,99;72,99;72,99;0;0,0;-0,37
2021-11-30;73,12;73,12;73,12;73,12;0;0,0;0,18
2021-12-01;72,73;72,73;72,73;72,73;0;0,0;-0,53
2021-12-02;72,49;72,49;72,49;72,49;0;0,0;-0,33
2021-12-03;72,94;72,94;72,94;72,94;0;0,0;0,62
2021-12-06;72,33;72,33;72,33;72,33;0;0,0;-0,84
2021-12-07;72,67;72,67;72,67;72,67;0;0,0;0,47
2021-12-08;73,0;73,0;73,0;73,0;0;0,0;0,45
2021-12-09;73,0;73,0;73,0;73,0;0;0,0;0,0
2021-12-10;72,88;72,88;72,88;72,88;0;0,0;-0,16
2021-12-13;71,94;71,94;71,94;71,94;0;0,0;-1,29
2021-12-14;72,65;72,65;72,65;72,65;0;0,0;0,99
2021-12-15;72,98;72,98;72,98;72,98;0;0,0;0,45
2021-12-16;73,83;73,83;73,83;73,83;0;0,0;1,16
2021-12-17;73,27;73,27;73,27;73,27;0;0,0;-0,76
2021-12-20;73,86;73,86;73,86;73,86;0;0,0;0,81
2021-12-21;73,27;73,27;73,27;73,27;0;0,0;-0,8
2021-12-22;74,37;74,37;74,37;74,37;0;0,0;1,5
2021-12-23;74,05;74,05;74,05;74,05;0;0,0;-0,43
2021-12-24;74,55;74,55;74,55;74,55;0;0,0;0,68
2021-12-27;73,96;73,96;73,96;73,96;0;0,0;-0,79
2021-12-28;74,82;74,82;74,82;74,82;0;0,0;1,16
2021-12-29;75,0;75,0;75,0;75,0;0;0,0;0,24
2021-12-30;76,6;76,6;76,6;76,6;0;0,0;2,13
2021-12-31;77,13;77,13;77,13;77,13;0;0,0;0,69
2022-01-03;77,92;77,92;77,92;77,92;0;0,0;1,02
2022-01-04;77,63;77,63;77,63;77,63;0;0,0;-0,37
2022-01-05;76,77;76,77;76,77;76,77;0;0,0;-1,11
2022-01-06;77,7;77,7;77,7;77,7;0;0,0;1,21
2022-01-07;77,73;77,73;77,73;77,73;0;0,0;0,04
2022-01-10;78,83;78,83;78,83;78,83;0;0,0;1,42
2022-01-11;79,47;79,47;79,47;79,47;0;0,0;0,81
2022-01-12;79,65;79,65;79,65;79,65;0;0,0;0,23
2022-01-13;79,26;79,26;79,26;79,26;0;0,0;-0,49
2022-01-14;79,03;79,03;79,03;79,03;0;0,0;-0,29
2022-01-17;77,92;77,92;77,92;77,92;0;0,0;-1,4
2022-01-18;77,67;77,67;77,67;77,67;0;0,0;-0,32
2022-01-19;77,41;77,41;77,41;77,41;0;0,0;-0,33
2022-01-20;77,79;77,79;77,79;77,79;0;0,0;0,49
2022-01-21;76,89;76,89;76,89;76,89;0;0,0;-1,16
2022-01-24;75,83;75,83;75,83;75,83;0;0,0;-1,38
2022-01-25;75,14;75,14;75,14;75,14;0;0,0;-0,91
2022-01-26;75,6;75,6;75,6;75,6;0;0,0;0,61
2022-01-27;75,68;75,68;75,68;75,68;0;0,0;0,11
2022-01-28;76,3;76,3;76,3;76,3;0;0,0;0,82
2022-01-31;76,96;76,96;76,96;76,96;0;0,0;0,87
2022-02-01;77,71;77,71;77,71;77,71;0;0,0;0,97
2022-02-02;76,73;76,73;76,73;76,73;0;0,0;-1,26
2022-02-03;76,36;76,36;76,36;76,36;0;0,0;-0,48
2022-02-04;75,66;75,66;75,66;75,66;0;0,0;-0,92
2022-02-07;75,75;75,75;75,75;75,75;0;0,0;0,12
2022-02-08;76,48;76,48;76,48;76,48;0;0,0;0,96
2022-02-09;77,52;77,52;77,52;77,52;0;0,0;1,36
2022-02-10;77,12;77,12;77,12;77,12;0;0,0;-0,52
2022-02-11;78,17;78,17;78,17;78,17;0;0,0;1,36
2022-02-14;79,41;79,41;79,41;79,41;0;0,0;1,59
2022-02-15;78,84;78,84;78,84;78,84;0;0,0;-0,72
2022-02-16;78,39;78,39;78,39;78,39;0;0,0;-0,57
2022-02-17;80,29;80,29;80,29;80,29;0;0,0;2,42
2022-02-18;80,07;80,07;80,07;80,07;0;0,0;-0,27
2022-02-21;80,05;80,05;80,05;80,05;0;0,0;-0,02
2022-02-22;79,35;79,35;79,35;79,35;0;0,0;-0,87
2022-02-23;79,63;79,63;79,63;79,63;0;0,0;0,35
2022-02-24;79,49;79,49;79,49;79,49;0;0,0;-0,18
2022-02-25;79,43;79,43;79,43;79,43;0;0,0;-0,08
2022-02-28;79,76;79,76;79,76;79,76;0;0,0;0,42
2022-03-01;78,88;78,88;78,88;78,88;0;0,0;-1,1
2022-03-02;78,21;78,21;78,21;78,21;0;0,0;-0,85
2022-03-03;78,47;78,47;78,47;78,47;0;0,0;0,33
2022-03-04;77,85;77,85;77,85;77,85;0;0,0;-0,79
2022-03-07;77,65;77,65;77,65;77,65;0;0,0;-0,26
2022-03-08;77,42;77,42;77,42;77,42;0;0,0;-0,3
2022-03-09;77,68;77,68;77,68;77,68;0;0,0;0,34
2022-03-10;77,16;77,16;77,16;77,16;0;0,0;-0,67
2022-03-11;78,15;78,15;78,15;78,15;0;0,0;1,28
2022-03-14;77,68;77,68;77,68;77,68;0;0,0;-0,6
2022-03-15;77,57;77,57;77,57;77,57;0;0,0;-0,14
2022-03-16;77,1;77,1;77,1;77,1;0;0,0;-0,61
2022-03-17;77,48;77,48;77,48;77,48;0;0,0;0,49
2022-03-18;77,81;77,81;77,81;77,81;0;0,0;0,43
2022-03-21;78,52;78,52;78,52;78,52;0;0,0;0,91
2022-03-22;79,19;79,19;79,19;79,19;0;0,0;0,85
2022-03-23;79,65;79,65;79,65;79,65;0;0,0;0,58
2022-03-24;79,84;79,84;79,84;79,84;0;0,0;0,24
2022-03-25;80,65;80,65;80,65;80,65;0;0,0;1,01
2022-03-28;80,35;80,35;80,35;80,35;0;0,0;-0,37
2022-03-29;79,8;79,8;79,8;79,8;0;0,0;-0,68
2022-03-30;80,59;80,59;80,59;80,59;0;0,0;0,99
2022-03-31;79,08;79,08;79,08;79,08;0;0,0;-1,87
2022-04-01;79,35;79,35;79,35;79,35;0;0,0;0,34
2022-04-04;78,96;78,96;78,96;78,96;0;0,0;-0,49
2022-04-05;79,31;79,31;79,31;79,31;0;0,0;0,44
2022-04-06;79,43;79,43;79,43;79,43;0;0,0;0,15
2022-04-07;79,34;79,34;79,34;79,34;0;0,0;-0,11
2022-04-08;79,2;79,2;79,2;79,2;0;0,0;-0,18
2022-04-11;79,03;79,03;79,03;79,03;0;0,0;-0,21
2022-04-12;78,98;78,98;78,98;78,98;0;0,0;-0,06
2022-04-13;78,95;78,95;78,95;78,95;0;0,0;-0,04
2022-04-14;79,25;79,25;79,25;79,25;0;0,0;0,38
2022-04-15;80,1;80,1;80,1;80,1;0;0,0;1,07
2022-04-18;80,1;80,1;80,1;80,1;0;0,0;0,0
2022-04-19;80,13;80,13;80,13;80,13;0;0,0;0,04
2022-04-20;79,48;79,48;79,48;79,48;0;0,0;-0,81
2022-04-21;79,85;79,85;79,85;79,85;0;0,0;0,47
2022-04-22;79,45;79,45;79,45;79,45;0;0,0;-0,5
2022-04-25;79,78;79,78;79,78;79,78;0;0,0;0,42
2022-04-26;78,38;78,38;78,38;78,38;0;0,0;-1,75
2022-04-27;78,73;78,73;78,73;78,73;0;0,0;0,45
2022-04-28;78,73;78,73;78,73;78,73;0;0,0;0,0
2022-04-29;78,9;78,9;78,9;78,9;0;0,0;0,22
2022-05-02;78,9;78,9;78,9;78,9;0;0,0;0,0
2022-05-03;77,94;77,94;77,94;77,94;0;0,0;-1,22
2022-05-04;78,5;78,5;78,5;78,5;0;0,0;0,72
2022-05-05;78,04;78,04;78,04;78,04;0;0,0;-0,59
2022-05-06;79,31;79,31;79,31;79,31;0;0,0;1,63
2022-05-09;78,17;78,17;78,17;78,17;0;0,0;-1,44
2022-05-10;77,14;77,14;77,14;77,14;0;0,0;-1,32
2022-05-11;77,62;77,62;77,62;77,62;0;0,0;0,62
2022-05-12;77,6;77,6;77,6;77,6;0;0,0;-0,03
2022-05-13;77,93;77,93;77,93;77,93;0;0,0;0,43
2022-05-16;77,2;77,2;77,2;77,2;0;0,0;-0,94
2022-05-17;76,8;76,8;76,8;76,8;0;0,0;-0,52
2022-05-18;76,97;76,97;76,97;76,97;0;0,0;0,22
2022-05-19;76,71;76,71;76,71;76,71;0;0,0;-0,34
2022-05-20;77,01;77,01;77,01;77,01;0;0,0;0,39
2022-05-23;76,43;76,43;76,43;76,43;0;0,0;-0,75
2022-05-24;75,83;75,83;75,83;75,83;0;0,0;-0,79
2022-05-25;75,74;75,74;75,74;75,74;0;0,0;-0,12
2022-05-26;75,74;75,74;75,74;75,74;0;0,0;0,0
2022-05-27;76,68;76,68;76,68;76,68;0;0,0;1,24
2022-05-30;77,13;77,13;77,13;77,13;0;0,0;0,59
2022-05-31;78,09;78,09;78,09;78,09;0;0,0;1,24
2022-06-01;78,11;78,11;78,11;78,11;0;0,0;0,03
2022-06-02;77,69;77,69;77,69;77,69;0;0,0;-0,54
2022-06-03;77,14;77,14;77,14;77,14;0;0,0;-0,71
2022-06-06;77,14;77,14;77,14;77,14;0;0,0;0,0
2022-06-07;77,2;77,2;77,2;77,2;0;0,0;0,08
2022-06-08;77,07;77,07;77,07;77,07;0;0,0;-0,17
2022-06-09;76,4;76,4;76,4;76,4;0;0,0;-0,87
2022-06-10;76,65;76,65;76,65;76,65;0;0,0;0,33
2022-06-13;76,1;76,1;76,1;76,1;0;0,0;-0,72
2022-06-14;76,3;76,3;76,3;76,3;0;0,0;0,26
2022-06-15;75,92;75,92;75,92;75,92;0;0,0;-0,5
2022-06-16;76,5;76,5;76,5;76,5;0;0,0;0,76
2022-06-17;77,37;77,37;77,37;77,37;0;0,0;1,14
2022-06-20;78,15;78,15;78,15;78,15;0;0,0;1,01
2022-06-21;77,6;77,6;77,6;77,6;0;0,0;-0,7
2022-06-22;77,7;77,7;77,7;77,7;0;0,0;0,13
2022-06-23;77,12;77,12;77,12;77,12;0;0,0;-0,75
2022-06-24;77,06;77,06;77,06;77,06;0;0,0;-0,08
2022-06-27;77,25;77,25;77,25;77,25;0;0,0;0,25
2022-06-28;76,64;76,64;76,64;76,64;0;0,0;-0,79
2022-06-29;76,37;76,37;76,37;76,37;0;0,0;-0,35
2022-06-30;76,63;76,63;76,63;76,63;0;0,0;0,34
2022-07-01;75,33;75,33;75,33;75,33;0;0,0;-1,7
2022-07-04;76,09;76,09;76,09;76,09;0;0,0;1,01
2022-07-05;76,43;76,43;76,43;76,43;0;0,0;0,45
2022-07-06;76,44;76,44;76,44;76,44;0;0,0;0,01
2022-07-07;77,15;77,15;77,15;77,15;0;0,0;0,93
2022-07-08;76,26;76,26;76,26;76,26;0;0,0;-1,15
2022-07-11;75,75;75,75;75,75;75,75;0;0,0;-0,67
2022-07-12;76,35;76,35;76,35;76,35;0;0,0;0,79
2022-07-13;76,27;76,27;76,27;76,27;0;0,0;-0,1
2022-07-14;76,51;76,51;76,51;76,51;0;0,0;0,31
2022-07-15;76,56;76,56;76,56;76,56;0;0,0;0,07
2022-07-18;76,92;76,92;76,92;76,92;0;0,0;0,47
2022-07-19;77,35;77,35;77,35;77,35;0;0,0;0,56
2022-07-20;77,54;77,54;77,54;77,54;0;0,0;0,25
2022-07-21;77,41;77,41;77,41;77,41;0;0,0;-0,17
2022-07-22;77,4;77,4;77,4;77,4;0;0,0;-0,01
2022-07-25;77,23;77,23;77,23;77,23;0;0,0;-0,22
2022-07-26;76,89;76,89;76,89;76,89;0;0,0;-0,44
2022-07-27;78,25;78,25;78,25;78,25;0;0,0;1,77
2022-07-28;78,05;78,05;78,05;78,05;0;0,0;-0,26
2022-07-29;78,56;78,56;78,56;78,56;0;0,0;0,65
2022-08-01;79,09;79,09;79,09;79,09;0;0,0;0,67
2022-08-02;78,9;78,9;78,9;78,9;0;0,0;-0,24
2022-08-03;79,16;79,16;79,16;79,16;0;0,0;0,33
2022-08-04;77,91;77,91;77,91;77,91;0;0,0;-1,58
2022-08-05;78,67;78,67;78,67;78,67;0;0,0;0,98
2022-08-08;78,67;78,67;78,67;78,67;0;0,0;0,0
2022-08-09;78,44;78,44;78,44;78,44;0;0,0;-0,29
2022-08-10;78,14;78,14;78,14;78,14;0;0,0;-0,38
2022-08-11;78,16;78,16;78,16;78,16;0;0,0;0,03
2022-08-12;78,34;78,34;78,34;78,34;0;0,0;0,23
2022-08-15;78,34;78,34;78,34;78,34;0;0,0;0,0
2022-08-16;78,08;78,08;78,08;78,08;0;0,0;-0,33
2022-08-17;77,7;77,7;77,7;77,7;0;0,0;-0,49
2022-08-18;78,1;78,1;78,1;78,1;0;0,0;0,51
2022-08-19;78,08;78,08;78,08;78,08;0;0,0;-0,03
2022-08-22;78,26;78,26;78,26;78,26;0;0,0;0,23
2022-08-23;78,32;78,32;78,32;78,32;0;0,0;0,08
2022-08-24;78,42;78,42;78,42;78,42;0;0,0;0,13
2022-08-25;77,96;77,96;77,96;77,96;0;0,0;-0,59
2022-08-26;78,01;78,01;78,01;78,01;0;0,0;0,06
2022-08-29;78,68;78,68;78,68;78,68;0;0,0;0,86
2022-08-30;78,56;78,56;78,56;78,56;0;0,0;-0,15
2022-08-31;78,71;78,71;78,71;78,71;0;0,0;0,19
2022-09-01;78,0;78,0;78,0;78,0;0;0,0;-0,9
2022-09-02;77,31;77,31;77,31;77,31;0;0,0;-0,88
2022-09-05;77,28;77,28;77,28;77,28;0;0,0;-0,04
2022-09-06;77,42;77,42;77,42;77,42;0;0,0;0,18
2022-09-07;77,29;77,29;77,29;77,29;0;0,0;-0,17
2022-09-08;77,13;77,13;77,13;77,13;0;0,0;-0,21
2022-09-09;77,25;77,25;77,25;77,25;0;0,0;0,16
2022-09-12;77,47;77,47;77,47;77,47;0;0,0;0,28
2022-09-13;77,11;77,11;77,11;77,11;0;0,0;-0,46
2022-09-14;77,65;77,65;77,65;77,65;0;0,0;0,7
2022-09-15;77,16;77,16;77,16;77,16;0;0,0;-0,63
2022-09-16;79,78;79,78;79,78;79,78;0;0,0;3,4
2022-09-19;79,26;79,26;79,26;79,26;0;0,0;-0,65
2022-09-20;79,12;79,12;79,12;79,12;0;0,0;-0,18
2022-09-21;78,39;78,39;78,39;78,39;0;0,0;-0,92
2022-09-22;78,26;78,26;78,26;78,26;0;0,0;-0,17
2022-09-23;78,42;78,42;78,42;78,42;0;0,0;0,2
2022-09-26;77,77;77,77;77,77;77,77;0;0,0;-0,83
2022-09-27;77,43;77,43;77,43;77,43;0;0,0;-0,44
2022-09-28;77,24;77,24;77,24;77,24;0;0,0;-0,25
2022-09-29;77,24;77,24;77,24;77,24;0;0,0;0,0
2022-09-30;77,37;77,37;77,37;77,37;0;0,0;0,17
2022-10-03;76,97;76,97;76,97;76,97;0;0,0;-0,52
2022-10-04;76,73;76,73;76,73;76,73;0;0,0;-0,31
2022-10-05;76,17;76,17;76,17;76,17;0;0,0;-0,73
2022-10-06;76,37;76,37;76,37;76,37;0;0,0;0,26
2022-10-07;76,6;76,6;76,6;76,6;0;0,0;0,3
2022-10-10;75,72;75,72;75,72;75,72;0;0,0;-1,15
2022-10-11;75,3;75,3;75,3;75,3;0;0,0;-0,55
2022-10-12;74,38;74,38;74,38;74,38;0;0,0;-1,22
2022-10-13;74,22;74,22;74,22;74,22;0;0,0;-0,22
2022-10-14;74,3;74,3;74,3;74,3;0;0,0;0,11
2022-10-17;74,67;74,67;74,67;74,67;0;0,0;0,5
2022-10-18;74,5;74,5;74,5;74,5;0;0,0;-0,23
2022-10-19;74,82;74,82;74,82;74,82;0;0,0;0,43
2022-10-20;75,06;75,06;75,06;75,06;0;0,0;0,32
2022-10-21;75,41;75,41;75,41;75,41;0;0,0;0,47
2022-10-24;75,28;75,28;75,28;75,28;0;0,0;-0,17
2022-10-25;75,16;75,16;75,16;75,16;0;0,0;-0,16
2022-10-26;75,74;75,74;75,74;75,74;0;0,0;0,77
2022-10-27;75,74;75,74;75,74;75,74;0;0,0;0,0
2022-10-28;75,12;75,12;75,12;75,12;0;0,0;-0,82
2022-10-31;75,12;75,12;75,12;75,12;0;0,0;0,0
2022-11-01;75,2;75,2;75,2;75,2;0;0,0;0,11
2022-11-02;73,4;73,4;73,4;73,4;0;0,0;-2,39
2022-11-03;73,36;73,36;73,36;73,36;0;0,0;-0,05
2022-11-04;73,14;73,14;73,14;73,14;0;0,0;-0,3
2022-11-07;73,91;73,91;73,91;73,91;0;0,0;1,05
2022-11-08;73,66;73,66;73,66;73,66;0;0,0;-0,34
2022-11-09;72,66;72,66;72,66;72,66;0;0,0;-1,36
2022-11-10;72,62;72,62;72,62;72,62;0;0,0;-0,06
2022-11-11;72,82;72,82;72,82;72,82;0;0,0;0,28
2022-11-14;71,96;71,96;71,96;71,96;0;0,0;-1,18
2022-11-15;71,96;71,96;71,96;71,96;0;0,0;0,0
2022-11-16;72,06;72,06;72,06;72,06;0;0,0;0,14
2022-11-17;72,18;72,18;72,18;72,18;0;0,0;0,17
2022-11-18;72,18;72,18;72,18;72,18;0;0,0;0,0
2022-11-21;72,9;72,9;72,9;72,9;0;0,0;1,0
2022-11-22;72,97;72,97;72,97;72,97;0;0,0;0,1
2022-11-23;73,58;73,58;73,58;73,58;0;0,0;0,84
2022-11-24;73,33;73,33;73,33;73,33;0;0,0;-0,34
2022-11-25;73,02;73,02;73,02;73,02;0;0,0;-0,42
2022-11-28;72,93;72,93;72,93;72,93;0;0,0;-0,12
2022-11-29;71,92;71,92;71,92;71,92;0;0,0;-1,38
2022-11-30;71,92;71,92;71,92;71,92;0;0,0;0,0
2022-12-01;71,92;71,92;71,92;71,92;0;0,0;0,0
2022-12-02;70,31;70,31;70,31;70,31;0;0,0;-2,24
2022-12-05;71,09;71,09;71,09;71,09;0;0,0;1,11
2022-12-06;71,76;71,76;71,76;71,76;0;0,0;0,94
2022-12-07;71,7;71,7;71,7;71,7;0;0,0;-0,08
2022-12-08;71,18;71,18;71,18;71,18;0;0,0;-0,73
2022-12-09;71,76;71,76;71,76;71,76;0;0,0;0,81
2022-12-12;73,83;73,83;73,83;73,83;0;0,0;2,88
2022-12-13;74,31;74,31;74,31;74,31;0;0,0;0,65
2022-12-14;74,21;74,21;74,21;74,21;0;0,0;-0,13
2022-12-15;74,88;74,88;74,88;74,88;0;0,0;0,9
2022-12-16;75,18;75,18;75,18;75,18;0;0,0;0,4
2022-12-19;74,29;74,29;74,29;74,29;0;0,0;-1,18
2022-12-20;74,89;74,89;74,89;74,89;0;0,0;0,81
2022-12-21;74,64;74,64;74,64;74,64;0;0,0;-0,33
2022-12-22;74,31;74,31;74,31;74,31;0;0,0;-0,44
2022-12-23;75,59;75,59;75,59;75,59;0;0,0;1,72
2022-12-26;75,59;75,59;75,59;75,59;0;0,0;0,0
2022-12-27;76,29;76,29;76,29;76,29;0;0,0;0,93
2022-12-28;76,18;76,18;76,18;76,18;0;0,0;-0,14
2022-12-29;76,01;76,01;76,01;76,01;0;0,0;-0,22
2022-12-30;75,51;75,51;75,51;75,51;0;0,0;-0,66
2023-01-02;75,27;75,27;75,27;75,27;0;0,0;-0,32
2023-01-03;75,1;75,1;75,1;75,1;0;0,0;-0,23
2023-01-04;74,17;74,17;74,17;74,17;0;0,0;-1,24
2023-01-05;73,97;73,97;73,97;73,97;0;0,0;-0,27
2023-01-06;73,33;73,33;73,33;73,33;0;0,0;-0,87
2023-01-09;72,52;72,52;72,52;72,52;0;0,0;-1,1
2023-01-10;71,94;71,94;71,94;71,94;0;0,0;-0,8
2023-01-11;72,22;72,22;72,22;72,22;0;0,0;0,39
2023-01-12;72,46;72,46;72,46;72,46;0;0,0;0,33
2023-01-13;71,75;71,75;71,75;71,75;0;0,0;-0,98
2023-01-16;71,55;71,55;71,55;71,55;0;0,0;-0,28
2023-01-17;72,15;72,15;72,15;72,15;0;0,0;0,84
2023-01-18;72,8;72,8;72,8;72,8;0;0,0;0,9
2023-01-19;73,24;73,24;73,24;73,24;0;0,0;0,6
2023-01-20;73,48;73,48;73,48;73,48;0;0,0;0,33
2023-01-23;72,66;72,66;72,66;72,66;0;0,0;-1,12
2023-01-24;72,69;72,69;72,69;72,69;0;0,0;0,04
2023-01-25;72,81;72,81;72,81;72,81;0;0,0;0,17
2023-01-26;74,02;74,02;74,02;74,02;0;0,0;1,66
2023-01-27;73,91;73,91;73,91;73,91;0;0,0;-0,15
2023-01-30;74,32;74,32;74,32;74,32;0;0,0;0,55
2023-01-31;73,77;73,77;73,77;73,77;0;0,0;-0,74
2023-02-01;74,14;74,14;74,14;74,14;0;0,0;0,5
2023-02-02;74,11;74,11;74,11;74,11;0;0,0;-0,04
2023-02-03;74,06;74,06;74,06;74,06;0;0,0;-0,07
2023-02-06;73,93;73,93;73,93;73,93;0;0,0;-0,18
2023-02-07;73,56;73,56;73,56;73,56;0;0,0;-0,5
2023-02-08;73,42;73,42;73,42;73,42;0;0,0;-0,19
2023-02-09;74,11;74,11;74,11;74,11;0;0,0;0,94
2023-02-10;74,38;74,38;74,38;74,38;0;0,0;0,36
2023-02-13;75,29;75,29;75,29;75,29;0;0,0;1,22
2023-02-14;76,34;76,34;76,34;76,34;0;0,0;1,39
2023-02-15;76,99;76,99;76,99;76,99;0;0,0;0,85
2023-02-16;77,73;77,73;77,73;77,73;0;0,0;0,96
2023-02-17;77,48;77,48;77,48;77,48;0;0,0;-0,32
2023-02-20;76,68;76,68;76,68;76,68;0;0,0;-1,03
2023-02-21;77,32;77,32;77,32;77,32;0;0,0;0,83
2023-02-22;76,57;76,57;76,57;76,57;0;0,0;-0,97
2023-02-23;76,49;76,49;76,49;76,49;0;0,0;-0,1
2023-02-24;76,71;76,71;76,71;76,71;0;0,0;0,29
2023-02-27;76,96;76,96;76,96;76,96;0;0,0;0,33
2023-02-28;76,7;76,7;76,7;76,7;0;0,0;-0,34
2023-03-01;76,84;76,84;76,84;76,84;0;0,0;0,18
2023-03-02;76,59;76,59;76,59;76,59;0;0,0;-0,33
2023-03-03;77,07;77,07;77,07;77,07;0;0,0;0,63
2023-03-06;77,4;77,4;77,4;77,4;0;0,0;0,43
2023-03-07;77,8;77,8;77,8;77,8;0;0,0;0,52
2023-03-08;77,67;77,67;77,67;77,67;0;0,0;-0,17
2023-03-09;78,13;78,13;78,13;78,13;0;0,0;0,59
2023-03-10;78,5;78,5;78,5;78,5;0;0,0;0,47
2023-03-13;78,17;78,17;78,17;78,17;0;0,0;-0,42
2023-03-14;78,32;78,32;78,32;78,32;0;0,0;0,19
2023-03-15;78,35;78,35;78,35;78,35;0;0,0;0,04
2023-03-16;77,83;77,83;77,83;77,83;0;0,0;-0,66
2023-03-17;77,77;77,77;77,77;77,77;0;0,0;-0,08
2023-03-20;77,68;77,68;77,68;77,68;0;0,0;-0,12
2023-03-21;77,64;77,64;77,64;77,64;0;0,0;-0,05
2023-03-22;77,26;77,26;77,26;77,26;0;0,0;-0,49
2023-03-23;77,33;77,33;77,33;77,33;0;0,0;0,09
2023-03-24;77,31;77,31;77,31;77,31;0;0,0;-0,03
2023-03-27;77,22;77,22;77,22;77,22;0;0,0;-0,12
2023-03-28;76,93;76,93;76,93;76,93;0;0,0;-0,38
2023-03-29;76,26;76,26;76,26;76,26;0;0,0;-0,87
2023-03-30;75,62;75,62;75,62;75,62;0;0,0;-0,84
2023-03-31;75,02;75,02;75,02;75,02;0;0,0;-0,79
2023-04-03;74,67;74,67;74,67;74,67;0;0,0;-0,47
2023-04-04;74,52;74,52;74,52;74,52;0;0,0;-0,2
2023-04-05;74,53;74,53;74,53;74,53;0;0,0;0,01
2023-04-06;75,05;75,05;75,05;75,05;0;0,0;0,7
2023-04-07;74,52;74,52;74,52;74,52;0;0,0;-0,71
2023-04-10;74,52;74,52;74,52;74,52;0;0,0;0,0
2023-04-11;74,93;74,93;74,93;74,93;0;0,0;0,55
2023-04-12;75,36;75,36;75,36;75,36;0;0,0;0,57
2023-04-13;74,94;74,94;74,94;74,94;0;0,0;-0,56
2023-04-14;75,35;75,35;75,35;75,35;0;0,0;0,55
2023-04-17;75,57;75,57;75,57;75,57;0;0,0;0,29
2023-04-18;75,57;75,57;75,57;75,57;0;0,0;0,0
2023-04-19;75,39;75,39;75,39;75,39;0;0,0;-0,24
2023-04-20;75,24;75,24;75,24;75,24;0;0,0;-0,2
2023-04-21;75,24;75,24;75,24;75,24;0;0,0;0,0
2023-04-24;75,22;75,22;75,22;75,22;0;0,0;-0,03
2023-04-25;75,6;75,6;75,6;75,6;0;0,0;0,51
2023-04-26;75,25;75,25;75,25;75,25;0;0,0;-0,46
2023-04-27;74,92;74,92;74,92;74,92;0;0,0;-0,44
2023-04-28;75,41;75,41;75,41;75,41;0;0,0;0,65
2023-05-01;75,41;75,41;75,41;75,41;0;0,0;0,0
2023-05-02;75,2;75,2;75,2;75,2;0;0,0;-0,28
2023-05-03;75,2;75,2;75,2;75,2;0;0,0;0,0
2023-05-04;75,05;75,05;75,05;75,05;0;0,0;-0,2
2023-05-05;74,85;74,85;74,85;74,85;0;0,0;-0,27
2023-05-08;74,79;74,79;74,79;74,79;0;0,0;-0,08
2023-05-09;75,11;75,11;75,11;75,11;0;0,0;0,43
2023-05-10;74,62;74,62;74,62;74,62;0;0,0;-0,65
2023-05-11;74,99;74,99;74,99;74,99;0;0,0;0,5
2023-05-12;75,02;75,02;75,02;75,02;0;0,0;0,04
2023-05-15;75,11;75,11;75,11;75,11;0;0,0;0,12
2023-05-16;75,44;75,44;75,44;75,44;0;0,0;0,44
2023-05-17;75,18;75,18;75,18;75,18;0;0,0;-0,34
2023-05-18;75,18;75,18;75,18;75,18;0;0,0;0,0
2023-05-19;76,11;76,11;76,11;76,11;0;0,0;1,24
2023-05-22;76,36;76,36;76,36;76,36;0;0,0;0,33
2023-05-23;76,17;76,17;76,17;76,17;0;0,0;-0,25
2023-05-24;76,06;76,06;76,06;76,06;0;0,0;-0,14
2023-05-25;75,48;75,48;75,48;75,48;0;0,0;-0,76
2023-05-26;74,64;74,64;74,64;74,64;0;0,0;-1,11
2023-05-29;74,64;74,64;74,64;74,64;0;0,0;0,0
2023-05-30;75,15;75,15;75,15;75,15;0;0,0;0,68
2023-05-31;74,6;74,6;74,6;74,6;0;0,0;-0,73
2023-06-01;74,68;74,68;74,68;74,68;0;0,0;0,11
2023-06-02;75,21;75,21;75,21;75,21;0;0,0;0,71
2023-06-05;75,73;75,73;75,73;75,73;0;0,0;0,69
2023-06-06;75,93;75,93;75,93;75,93;0;0,0;0,26
2023-06-07;76,35;76,35;76,35;76,35;0;0,0;0,55
2023-06-08;76,53;76,53;76,53;76,53;0;0,0;0,24
2023-06-09;76,86;76,86;76,86;76,86;0;0,0;0,43
2023-06-12;76,98;76,98;76,98;76,98;0;0,0;0,16
2023-06-13;76,86;76,86;76,86;76,86;0;0,0;-0,16
2023-06-14;76,43;76,43;76,43;76,43;0;0,0;-0,56
2023-06-15;76,47;76,47;76,47;76,47;0;0,0;0,05
2023-06-16;76,74;76,74;76,74;76,74;0;0,0;0,35
2023-06-19;76,8;76,8;76,8;76,8;0;0,0;0,08
2023-06-20;76,63;76,63;76,63;76,63;0;0,0;-0,22
2023-06-21;76,77;76,77;76,77;76,77;0;0,0;0,18
2023-06-22;77,41;77,41;77,41;77,41;0;0,0;0,83
2023-06-23;76,57;76,57;76,57;76,57;0;0,0;-1,09
2023-06-26;77,06;77,06;77,06;77,06;0;0,0;0,64
2023-06-27;77,55;77,55;77,55;77,55;0;0,0;0,64
2023-06-28;77,55;77,55;77,55;77,55;0;0,0;0,0
2023-06-29;78,0;78,0;78,0;78,0;0;0,0;0,58
2023-06-30;78,37;78,37;78,37;78,37;0;0,0;0,47
2023-07-03;78,55;78,55;78,55;78,55;0;0,0;0,23
2023-07-04;78,48;78,48;78,48;78,48;0;0,0;-0,09
2023-07-05;78,97;78,97;78,97;78,97;0;0,0;0,62
2023-07-06;78,61;78,61;78,61;78,61;0;0,0;-0,46
2023-07-07;78,95;78,95;78,95;78,95;0;0,0;0,43
2023-07-10;78,51;78,51;78,51;78,51;0;0,0;-0,56
2023-07-11;79,12;79,12;79,12;79,12;0;0,0;0,78
2023-07-12;78,88;78,88;78,88;78,88;0;0,0;-0,3
2023-07-13;79,32;79,32;79,32;79,32;0;0,0;0,56
2023-07-14;79,45;79,45;79,45;79,45;0;0,0;0,16
2023-07-17;79,89;79,89;79,89;79,89;0;0,0;0,55
2023-07-18;80,18;80,18;80,18;80,18;0;0,0;0,36
2023-07-19;79,57;79,57;79,57;79,57;0;0,0;-0,76
2023-07-20;79,61;79,61;79,61;79,61;0;0,0;0,05
2023-07-21;80,05;80,05;80,05;80,05;0;0,0;0,55
2023-07-24;79,78;79,78;79,78;79,78;0;0,0;-0,34
2023-07-25;80,01;80,01;80,01;80,01;0;0,0;0,29
2023-07-26;80,09;80,09;80,09;80,09;0;0,0;0,1
2023-07-27;80,27;80,27;80,27;80,27;0;0,0;0,22
2023-07-28;80,8;80,8;80,8;80,8;0;0,0;0,66
2023-07-31;80,62;80,62;80,62;80,62;0;0,0;-0,22
2023-08-01;81,42;81,42;81,42;81,42;0;0,0;0,99
2023-08-02;81,37;81,37;81,37;81,37;0;0,0;-0,06
2023-08-03;80,91;80,91;80,91;80,91;0;0,0;-0,57
2023-08-04;80,96;80,96;80,96;80,96;0;0,0;0,06
2023-08-07;80,96;80,96;80,96;80,96;0;0,0;0,0
2023-08-08;81,03;81,03;81,03;81,03;0;0,0;0,09
2023-08-09;80,09;80,09;80,09;80,09;0;0,0;-1,16
2023-08-10;80,78;80,78;80,78;80,78;0;0,0;0,86
2023-08-11;80,43;80,43;80,43;80,43;0;0,0;-0,43
2023-08-14;80,52;80,52;80,52;80,52;0;0,0;0,11
2023-08-15;80,52;80,52;80,52;80,52;0;0,0;0,0
2023-08-16;80,94;80,94;80,94;80,94;0;0,0;0,52
2023-08-17;80,36;80,36;80,36;80,36;0;0,0;-0,72
2023-08-18;80,07;80,07;80,07;80,07;0;0,0;-0,36
2023-08-21;79,86;79,86;79,86;79,86;0;0,0;-0,26
2023-08-22;79,49;79,49;79,49;79,49;0;0,0;-0,46
2023-08-23;80,44;80,44;80,44;80,44;0;0,0;1,2
2023-08-24;80,53;80,53;80,53;80,53;0;0,0;0,11
2023-08-25;80,99;80,99;80,99;80,99;0;0,0;0,57
2023-08-28;80,33;80,33;80,33;80,33;0;0,0;-0,81
2023-08-29;80,8;80,8;80,8;80,8;0;0,0;0,59
2023-08-30;81,33;81,33;81,33;81,33;0;0,0;0,66
2023-08-31;81,05;81,05;81,05;81,05;0;0,0;-0,34
2023-09-01;82,31;82,31;82,31;82,31;0;0,0;1,55
2023-09-04;82,38;82,38;82,38;82,38;0;0,0;0,09
2023-09-05;82,52;82,52;82,52;82,52;0;0,0;0,17
2023-09-06;83,24;83,24;83,24;83,24;0;0,0;0,87
2023-09-07;83,71;83,71;83,71;83,71;0;0,0;0,56
2023-09-08;84,61;84,61;84,61;84,61;0;0,0;1,08
2023-09-11;84,1;84,1;84,1;84,1;0;0,0;-0,6
2023-09-12;86,27;86,27;86,27;86,27;0;0,0;2,58
2023-09-13;85,67;85,67;85,67;85,67;0;0,0;-0,7
2023-09-14;86,07;86,07;86,07;86,07;0;0,0;0,47
2023-09-15;86,01;86,01;86,01;86,01;0;0,0;-0,07
2023-09-18;84,82;84,82;84,82;84,82;0;0,0;-1,38
2023-09-19;84,69;84,69;84,69;84,69;0;0,0;-0,15
2023-09-20;84,53;84,53;84,53;84,53;0;0,0;-0,19
2023-09-21;84,29;84,29;84,29;84,29;0;0,0;-0,28
2023-09-22;84,42;84,42;84,42;84,42;0;0,0;0,15
2023-09-25;84,75;84,75;84,75;84,75;0;0,0;0,39
2023-09-26;84,88;84,88;84,88;84,88;0;0,0;0,15
2023-09-27;84,88;84,88;84,88;84,88;0;0,0;0,0
2023-09-28;84,43;84,43;84,43;84,43;0;0,0;-0,53
2023-09-29;84,22;84,22;84,22;84,22;0;0,0;-0,25
2023-10-02;84,46;84,46;84,46;84,46;0;0,0;0,28
2023-10-03;84,11;84,11;84,11;84,11;0;0,0;-0,41
2023-10-04;84,78;84,78;84,78;84,78;0;0,0;0,8
2023-10-05;84,71;84,71;84,71;84,71;0;0,0;-0,08
2023-10-06;84,76;84,76;84,76;84,76;0;0,0;0,06
2023-10-09;84,12;84,12;84,12;84,12;0;0,0;-0,76
2023-10-10;84,41;84,41;84,41;84,41;0;0,0;0,34
2023-10-11;84,31;84,31;84,31;84,31;0;0,0;-0,12
2023-10-12;84,39;84,39;84,39;84,39;0;0,0;0,09
2023-10-13;85,03;85,03;85,03;85,03;0;0,0;0,76
2023-10-16;85,25;85,25;85,25;85,25;0;0,0;0,26
2023-10-17;85,17;85,17;85,17;85,17;0;0,0;-0,09
2023-10-18;84,44;84,44;84,44;84,44;0;0,0;-0,86
2023-10-19;84,54;84,54;84,54;84,54;0;0,0;0,12
2023-10-20;84,54;84,54;84,54;84,54;0;0,0;0,0
2023-10-23;83,82;83,82;83,82;83,82;0;0,0;-0,85
2023-10-24;84,82;84,82;84,82;84,82;0;0,0;1,19
2023-10-25;85,15;85,15;85,15;85,15;0;0,0;0,39
2023-10-26;84,51;84,51;84,51;84,51;0;0,0;-0,75
2023-10-27;85,05;85,05;85,05;85,05;0;0,0;0,64
2023-10-30;84,9;84,9;84,9;84,9;0;0,0;-0,18
2023-10-31;84,38;84,38;84,38;84,38;0;0,0;-0,61
2023-11-01;84,38;84,38;84,38;84,38;0;0,0;0,0
2023-11-02;84,12;84,12;84,12;84,12;0;0,0;-0,31
2023-11-03;84,67;84,67;84,67;84,67;0;0,0;0,65
2023-11-06;85,63;85,63;85,63;85,63;0;0,0;1,13
2023-11-07;85,53;85,53;85,53;85,53;0;0,0;-0,12
2023-11-08;85,74;85,74;85,74;85,74;0;0,0;0,25
2023-11-09;85,43;85,43;85,43;85,43;0;0,0;-0,36
2023-11-10;86,41;86,41;86,41;86,41;0;0,0;1,15
2023-11-13;85,62;85,62;85,62;85,62;0;0,0;-0,91
2023-11-14;85,15;85,15;85,15;85,15;0;0,0;-0,55
2023-11-15;85,15;85,15;85,15;85,15;0;0,0;0,0
2023-11-16;84,74;84,74;84,74;84,74;0;0,0;-0,48
2023-11-17;84,74;84,74;84,74;84,74;0;0,0;0,0
2023-11-20;85,15;85,15;85,15;85,15;0;0,0;0,48
2023-11-21;85,51;85,51;85,51;85,51;0;0,0;0,42
2023-11-22;85,66;85,66;85,66;85,66;0;0,0;0,18
2023-11-23;85,42;85,42;85,42;85,42;0;0,0;-0,28
2023-11-24;85,14;85,14;85,14;85,14;0;0,0;-0,33
2023-11-27;84,54;84,54;84,54;84,54;0;0,0;-0,7
2023-11-28;84,69;84,69;84,69;84,69;0;0,0;0,18
2023-11-29;84,94;84,94;84,94;84,94;0;0,0;0,3
2023-11-30;84,49;84,49;84,49;84,49;0;0,0;-0,53
2023-12-01;84,59;84,59;84,59;84,59;0;0,0;0,12
2023-12-04;85,01;85,01;85,01;85,01;0;0,0;0,5
2023-12-05;85,48;85,48;85,48;85,48;0;0,0;0,55
2023-12-06;86,06;86,06;86,06;86,06;0;0,0;0,68
2023-12-07;84,73;84,73;84,73;84,73;0;0,0;-1,55
2023-12-08;85,83;85,83;85,83;85,83;0;0,0;1,3
2023-12-11;85,92;85,92;85,92;85,92;0;0,0;0,1
2023-12-12;85,68;85,68;85,68;85,68;0;0,0;-0,28
2023-12-13;85,13;85,13;85,13;85,13;0;0,0;-0,64
2023-12-14;85,28;85,28;85,28;85,28;0;0,0;0,18
2023-12-15;85,66;85,66;85,66;85,66;0;0,0;0,45
2023-12-18;85,21;85,21;85,21;85,21;0;0,0;-0,53
2023-12-19;84,9;84,9;84,9;84,9;0;0,0;-0,36
2023-12-20;85,41;85,41;85,41;85,41;0;0,0;0,6
2023-12-21;85,16;85,16;85,16;85,16;0;0,0;-0,29
2023-12-22;85,55;85,55;85,55;85,55;0;0,0;0,46
2023-12-25;85,55;85,55;85,55;85,55;0;0,0;0,0
2023-12-26;85,38;85,38;85,38;85,38;0;0,0;-0,2
2023-12-27;84,61;84,61;84,61;84,61;0;0,0;-0,9
2023-12-28;86,03;86,03;86,03;86,03;0;0,0;1,68
2023-12-29;86,42;86,42;86,42;86,42;0;0,0;0,45
2024-01-01;86,42;86,42;86,42;86,42;0;0,0;0,0
2024-01-02;85,85;85,85;85,85;85,85;0;0,0;-0,66
2024-01-03;86,5;86,5;86,5;86,5;0;0,0;0,76
2024-01-04;85,53;85,53;85,53;85,53;0;0,0;-1,12
2024-01-05;85,01;85,01;85,01;85,01;0;0,0;-0,61
2024-01-08;84,21;84,21;84,21;84,21;0;0,0;-0,94
2024-01-09;85,01;85,01;85,01;85,01;0;0,0;0,95
2024-01-10;84,89;84,89;84,89;84,89;0;0,0;-0,14
2024-01-11;84,89;84,89;84,89;84,89;0;0,0;0,0
2024-01-12;85,49;85,49;85,49;85,49;0;0,0;0,71
2024-01-15;85,35;85,35;85,35;85,35;0;0,0;-0,16
2024-01-16;85,76;85,76;85,76;85,76;0;0,0;0,48
2024-01-17;85,07;85,07;85,07;85,07;0;0,0;-0,8
2024-01-18;84,72;84,72;84,72;84,72;0;0,0;-0,41
2024-01-19;84,9;84,9;84,9;84,9;0;0,0;0,21
2024-01-22;84,74;84,74;84,74;84,74;0;0,0;-0,19
2024-01-23;84,83;84,83;84,83;84,83;0;0,0;0,11
2024-01-24;84,19;84,19;84,19;84,19;0;0,0;-0,75
2024-01-25;84,14;84,14;84,14;84,14;0;0,0;-0,06
2024-01-26;84,37;84,37;84,37;84,37;0;0,0;0,27
2024-01-29;84,17;84,17;84,17;84,17;0;0,0;-0,24
2024-01-30;83,87;83,87;83,87;83,87;0;0,0;-0,36
2024-01-31;84,24;84,24;84,24;84,24;0;0,0;0,44
2024-02-01;83,64;83,64;83,64;83,64;0;0,0;-0,71
2024-02-02;83,85;83,85;83,85;83,85;0;0,0;0,25
2024-02-05;83,8;83,8;83,8;83,8;0;0,0;-0,06
2024-02-06;84,04;84,04;84,04;84,04;0;0,0;0,29
2024-02-07;84,01;84,01;84,01;84,01;0;0,0;-0,04
2024-02-08;83,95;83,95;83,95;83,95;0;0,0;-0,07
2024-02-09;83,92;83,92;83,92;83,92;0;0,0;-0,04
2024-02-12;83,92;83,92;83,92;83,92;0;0,0;0,0
2024-02-13;84,8;84,8;84,8;84,8;0;0,0;1,05
2024-02-14;85,63;85,63;85,63;85,63;0;0,0;0,98
2024-02-15;85,49;85,49;85,49;85,49;0;0,0;-0,16
2024-02-16;85,5;85,5;85,5;85,5;0;0,0;0,01
2024-02-19;84,67;84,67;84,67;84,67;0;0,0;-0,97
2024-02-20;86,0;86,0;86,0;86,0;0;0,0;1,57
2024-02-21;85,76;85,76;85,76;85,76;0;0,0;-0,28
2024-02-22;86,58;86,58;86,58;86,58;0;0,0;0,96
2024-02-23;86,06;86,06;86,06;86,06;0;0,0;-0,6
2024-02-26;86,21;86,21;86,21;86,21;0;0,0;0,17
2024-02-27;85,98;85,98;85,98;85,98;0;0,0;-0,27
2024-02-28;86,21;86,21;86,21;86,21;0;0,0;0,27
2024-02-29;86,2;86,2;86,2;86,2;0;0,0;-0,01
2024-03-01;85,11;85,11;85,11;85,11;0;0,0;-1,26
2024-03-04;85,94;85,94;85,94;85,94;0;0,0;0,98
2024-03-05;85,28;85,28;85,28;85,28;0;0,0;-0,77
2024-03-06;85,57;85,57;85,57;85,57;0;0,0;0,34
2024-03-07;85,96;85,96;85,96;85,96;0;0,0;0,46
2024-03-08;86,64;86,64;86,64;86,64;0;0,0;0,79
2024-03-11;86,39;86,39;86,39;86,39;0;0,0;-0,29
2024-03-12;86,7;86,7;86,7;86,7;0;0,0;0,36
2024-03-13;86,41;86,41;86,41;86,41;0;0,0;-0,33
2024-03-14;85,98;85,98;85,98;85,98;0;0,0;-0,5
2024-03-15;86,52;86,52;86,52;86,52;0;0,0;0,63
2024-03-18;86,91;86,91;86,91;86,91;0;0,0;0,45
2024-03-19;86,74;86,74;86,74;86,74;0;0,0;-0,2
2024-03-20;86,82;86,82;86,82;86,82;0;0,0;0,09
2024-03-21;86,37;86,37;86,37;86,37;0;0,0;-0,52
2024-03-22;87,23;87,23;87,23;87,23;0;0,0;1,0
2024-03-25;87,03;87,03;87,03;87,03;0;0,0;-0,23
2024-03-26;87,35;87,35;87,35;87,35;0;0,0;0,37
2024-03-27;87,67;87,67;87,67;87,67;0;0,0;0,37
2024-03-28;88,05;88,05;88,05;88,05;0;0,0;0,43
2024-03-29;87,81;87,81;87,81;87,81;0;0,0;-0,27
2024-04-01;87,81;87,81;87,81;87,81;0;0,0;0,0
2024-04-02;88,0;88,0;88,0;88,0;0;0,0;0,22
2024-04-03;87,6;87,6;87,6;87,6;0;0,0;-0,45
2024-04-04;87,4;87,4;87,4;87,4;0;0,0;-0,23
2024-04-05;87,49;87,49;87,49;87,49;0;0,0;0,1
2024-04-08;87,38;87,38;87,38;87,38;0;0,0;-0,13
2024-04-09;87,84;87,84;87,84;87,84;0;0,0;0,53
2024-04-10;87,84;87,84;87,84;87,84;0;0,0;0,0
2024-04-11;87,65;87,65;87,65;87,65;0;0,0;-0,22
2024-04-12;87,62;87,62;87,62;87,62;0;0,0;-0,03
2024-04-15;88,13;88,13;88,13;88,13;0;0,0;0,58
2024-04-16;88,11;88,11;88,11;88,11;0;0,0;-0,02
2024-04-17;88,45;88,45;88,45;88,45;0;0,0;0,39
2024-04-18;89,02;89,02;89,02;89,02;0;0,0;0,64
2024-04-19;88,42;88,42;88,42;88,42;0;0,0;-0,67
2024-04-22;87,9;87,9;87,9;87,9;0;0,0;-0,59
2024-04-23;88,55;88,55;88,55;88,55;0;0,0;0,74
2024-04-24;88,68;88,68;88,68;88,68;0;0,0;0,15
2024-04-25;88,91;88,91;88,91;88,91;0;0,0;0,26
2024-04-26;88,68;88,68;88,68;88,68;0;0,0;-0,26
2024-04-29;88,01;88,01;88,01;88,01;0;0,0;-0,76
2024-04-30;88,64;88,64;88,64;88,64;0;0,0;0,72
2024-05-01;88,64;88,64;88,64;88,64;0;0,0;0,0
2024-05-02;87,48;87,48;87,48;87,48;0;0,0;-1,31
2024-05-03;86,48;86,48;86,48;86,48;0;0,0;-1,14
2024-05-06;87,07;87,07;87,07;87,07;0;0,0;0,68
2024-05-07;86,47;86,47;86,47;86,47;0;0,0;-0,69
2024-05-08;87,06;87,06;87,06;87,06;0;0,0;0,68
2024-05-09;87,06;87,06;87,06;87,06;0;0,0;0,0
2024-05-10;86,94;86,94;86,94;86,94;0;0,0;-0,14
2024-05-13;86,65;86,65;86,65;86,65;0;0,0;-0,33
2024-05-14;87,24;87,24;87,24;87,24;0;0,0;0,68
2024-05-15;87,57;87,57;87,57;87,57;0;0,0;0,38
2024-05-16;87,13;87,13;87,13;87,13;0;0,0;-0,5
2024-05-17;88,41;88,41;88,41;88,41;0;0,0;1,47
2024-05-20;88,41;88,41;88,41;88,41;0;0,0;0,0
2024-05-21;87,71;87,71;87,71;87,71;0;0,0;-0,79
2024-05-22;88,56;88,56;88,56;88,56;0;0,0;0,97
2024-05-23;88,36;88,36;88,36;88,36;0;0,0;-0,23
2024-05-24;90,44;90,44;90,44;90,44;0;0,0;2,35
2024-05-27;90,73;90,73;90,73;90,73;0;0,0;0,32
2024-05-28;90,37;90,37;90,37;90,37;0;0,0;-0,4
2024-05-29;90,37;90,37;90,37;90,37;0;0,0;0,0
2024-05-30;90,26;90,26;90,26;90,26;0;0,0;-0,12
2024-05-31;90,96;90,96;90,96;90,96;0;0,0;0,78
2024-06-03;91,57;91,57;91,57;91,57;0;0,0;0,67
2024-06-04;91,78;91,78;91,78;91,78;0;0,0;0,23
2024-06-05;92,99;92,99;92,99;92,99;0;0,0;1,32
2024-06-06;92,56;92,56;92,56;92,56;0;0,0;-0,46
2024-06-07;92,09;92,09;92,09;92,09;0;0,0;-0,51
2024-06-10;92,95;92,95;92,95;92,95;0;0,0;0,93
2024-06-11;92,89;92,89;92,89;92,89;0;0,0;-0,06
2024-06-12;92,36;92,36;92,36;92,36;0;0,0;-0,57
2024-06-13;92,45;92,45;92,45;92,45;0;0,0;0,1
2024-06-14;92,82;92,82;92,82;92,82;0;0,0;0,4
2024-06-18;93,11;93,11;93,11;93,11;0;0,0;0,31
2024-06-19;92,51;92,51;92,51;92,51;0;0,0;-0,64
2024-06-20;93,65;93,65;93,65;93,65;0;0,0;1,23
2024-06-21;93,4;93,4;93,4;93,4;0;0,0;-0,27
2024-06-24;92,31;92,31;92,31;92,31;0;0,0;-1,17
2024-06-25;91,91;91,91;91,91;91,91;0;0,0;-0,43
2024-06-26;92,59;92,59;92,59;92,59;0;0,0;0,74
2024-06-27;92,25;92,25;92,25;92,25;0;0,0;-0,37
2024-06-28;92,39;92,39;92,39;92,39;0;0,0;0,15
2024-07-01;92,48;92,48;92,48;92,48;0;0,0;0,1
2024-07-02;92,64;92,64;92,64;92,64;0;0,0;0,17
2024-07-03;92,03;92,03;92,03;92,03;0;0,0;-0,66
2024-07-04;91,95;91,95;91,95;91,95;0;0,0;-0,09
2024-07-05;91,21;91,21;91,21;91,21;0;0,0;-0,8
2024-07-08;91,28;91,28;91,28;91,28;0;0,0;0,08
2024-07-09;91,47;91,47;91,47;91,47;0;0,0;0,21
2024-07-10;92,26;92,26;92,26;92,26;0;0,0;0,86
2024-07-11;92,97;92,97;92,97;92,97;0;0,0;0,77
2024-07-12;92,69;92,69;92,69;92,69;0;0,0;-0,3
2024-07-15;92,97;92,97;92,97;92,97;0;0,0;0,3
2024-07-16;93,06;93,06;93,06;93,06;0;0,0;0,1
2024-07-17;92,5;92,5;92,5;92,5;0;0,0;-0,6
2024-07-18;93,16;93,16;93,16;93,16;0;0,0;0,71
2024-07-19;93,65;93,65;93,65;93,65;0;0,0;0,53
2024-07-22;93,38;93,38;93,38;93,38;0;0,0;-0,29
2024-07-23;93,74;93,74;93,74;93,74;0;0,0;0,39
2024-07-24;93,13;93,13;93,13;93,13;0;0,0;-0,65
2024-07-25;93,03;93,03;93,03;93,03;0;0,0;-0,11
2024-07-26;93,72;93,72;93,72;93,72;0;0,0;0,74
2024-07-29;93,34;93,34;93,34;93,34;0;0,0;-0,41
2024-07-30;93,55;93,55;93,55;93,55;0;0,0;0,22
2024-07-31;94,76;94,76;94,76;94,76;0;0,0;1,29
2024-08-01;94,65;94,65;94,65;94,65;0;0,0;-0,12
2024-08-02;95,01;95,01;95,01;95,01;0;0,0;0,38
2024-08-05;95,3;95,3;95,3;95,3;0;0,0;0,31
2024-08-06;95,33;95,33;95,33;95,33;0;0,0;0,03
2024-08-07;95,33;95,33;95,33;95,33;0;0,0;0,0
2024-08-08;95,28;95,28;95,28;95,28;0;0,0;-0,05
2024-08-09;95,75;95,75;95,75;95,75;0;0,0;0,49
2024-08-12;95,04;95,04;95,04;95,04;0;0,0;-0,74
2024-08-13;96,49;96,49;96,49;96,49;0;0,0;1,53
2024-08-14;96,61;96,61;96,61;96,61;0;0,0;0,12
2024-08-15;96,61;96,61;96,61;96,61;0;0,0;0,0
2024-08-16;95,92;95,92;95,92;95,92;0;0,0;-0,71
2024-08-19;95,12;95,12;95,12;95,12;0;0,0;-0,83
2024-08-20;95,17;95,17;95,17;95,17;0;0,0;0,05
2024-08-21;94,61;94,61;94,61;94,61;0;0,0;-0,59
2024-08-22;94,49;94,49;94,49;94,49;0;0,0;-0,13
2024-08-23;95,09;95,09;95,09;95,09;0;0,0;0,63
2024-08-26;94,24;94,24;94,24;94,24;0;0,0;-0,89
2024-08-27;94,92;94,92;94,92;94,92;0;0,0;0,72
2024-08-28;95,16;95,16;95,16;95,16;0;0,0;0,25
2024-08-29;95,06;95,06;95,06;95,06;0;0,0;-0,11
2024-08-30;95,86;95,86;95,86;95,86;0;0,0;0,84
2024-09-02;96,77;96,77;96,77;96,77;0;0,0;0,95
2024-09-03;97,76;97,76;97,76;97,76;0;0,0;1,02
2024-09-04;98,27;98,27;98,27;98,27;0;0,0;0,52
2024-09-05;98,7;98,7;98,7;98,7;0;0,0;0,44
2024-09-06;99,28;99,28;99,28;99,28;0;0,0;0,59
2024-09-09;98,18;98,18;98,18;98,18;0;0,0;-1,11
2024-09-10;99,13;99,13;99,13;99,13;0;0,0;0,97
2024-09-11;98,1;98,1;98,1;98,1;0;0,0;-1,04
2024-09-12;98,69;98,69;98,69;98,69;0;0,0;0,6
2024-09-13;98,57;98,57;98,57;98,57;0;0,0;-0,12
2024-09-16;99,16;99,16;99,16;99,16;0;0,0;0,6
2024-09-17;99,1;99,1;99,1;99,1;0;0,0;-0,06
2024-09-18;100,24;100,24;100,24;100,24;0;0,0;1,15
2024-09-19;98,45;98,45;98,45;98,45;0;0,0;-1,79
2024-09-20;99,22;99,22;99,22;99,22;0;0,0;0,78
2024-09-23;98,84;98,84;98,84;98,84;0;0,0;-0,38
2024-09-24;98,21;98,21;98,21;98,21;0;0,0;-0,64
2024-09-25;98,48;98,48;98,48;98,48;0;0,0;0,27
2024-09-26;98,15;98,15;98,15;98,15;0;0,0;-0,34
2024-09-27;98,62;98,62;98,62;98,62;0;0,0;0,48
2024-09-30;99,12;99,12;99,12;99,12;0;0,0;0,51
2024-10-01;99,66;99,66;99,66;99,66;0;0,0;0,54
2024-10-02;99,41;99,41;99,41;99,41;0;0,0;-0,25
2024-10-03;99,77;99,77;99,77;99,77;0;0,0;0,36
2024-10-04;99,9;99,9;99,9;99,9;0;0,0;0,13
2024-10-07;101,2;101,2;101,2;101,2;0;0,0;1,3
2024-10-08;101,17;101,17;101,17;101,17;0;0,0;-0,03
2024-10-09;100,96;100,96;100,96;100,96;0;0,0;-0,21
2024-10-10;100,4;100,4;100,4;100,4;0;0,0;-0,55
2024-10-11;100,74;100,74;100,74;100,74;0;0,0;0,34
2024-10-14;99,65;99,65;99,65;99,65;0;0,0;-1,08
2024-10-15;99,21;99,21;99,21;99,21;0;0,0;-0,44
2024-10-16;99,53;99,53;99,53;99,53;0;0,0;0,32
2024-10-17;99,98;99,98;99,98;99,98;0;0,0;0,45
2024-10-18;99,69;99,69;99,69;99,69;0;0,0;-0,29
2024-10-21;99,44;99,44;99,44;99,44;0;0,0;-0,25
2024-10-22;99,56;99,56;99,56;99,56;0;0,0;0,12
2024-10-23;99,21;99,21;99,21;99,21;0;0,0;-0,35
2024-10-24;100,03;100,03;100,03;100,03;0;0,0;0,83
2024-10-25;100,51;100,51;100,51;100,51;0;0,0;0,48
2024-10-28;100,82;100,82;100,82;100,82;0;0,0;0,31
2024-10-29;100,82;100,82;100,82;100,82;0;0,0;0,0
2024-10-30;101,39;101,39;101,39;101,39;0;0,0;0,57
2024-10-31;102,05;102,05;102,05;102,05;0;0,0;0,65
2024-11-01;102,05;102,05;102,05;102,05;0;0,0;0,0
2024-11-04;102,06;102,06;102,06;102,06;0;0,0;0,01
2024-11-05;101,88;101,88;101,88;101,88;0;0,0;-0,18
2024-11-06;101,67;101,67;101,67;101,67;0;0,0;-0,21
2024-11-07;101,27;101,27;101,27;101,27;0;0,0;-0,39
2024-11-08;101,6;101,6;101,6;101,6;0;0,0;0,33
2024-11-11;100,84;100,84;100,84;100,84;0;0,0;-0,75
2024-11-12;100,86;100,86;100,86;100,86;0;0,0;0,02
2024-11-13;101,21;101,21;101,21;101,21;0;0,0;0,35
2024-11-14;99,94;99,94;99,94;99,94;0;0,0;-1,25
2024-11-15;99,94;99,94;99,94;99,94;0;0,0;0,0
2024-11-18;101,2;101,2;101,2;101,2;0;0,0;1,26
2024-11-19;101,43;101,43;101,43;101,43;0;0,0;0,23
2024-11-20;100,64;100,64;100,64;100,64;0;0,0;-0,78
2024-11-21;99,94;99,94;99,94;99,94;0;0,0;-0,7
2024-11-22;99,97;99,97;99,97;99,97;0;0,0;0,03
2024-11-25;99,63;99,63;99,63;99,63;0;0,0;-0,34
2024-11-26;99,59;99,59;99,59;99,59;0;0,0;-0,04
2024-11-27;99,86;99,86;99,86;99,86;0;0,0;0,27
2024-11-28;100,27;100,27;100,27;100,27;0;0,0;0,41
2024-11-29;100,98;100,98;100,98;100,98;0;0,0;0,71
2024-12-02;99,55;99,55;99,55;99,55;0;0,0;-1,42
2024-12-03;99,64;99,64;99,64;99,64;0;0,0;0,09
2024-12-04;99,18;99,18;99,18;99,18;0;0,0;-0,46
2024-12-05;99,05;99,05;99,05;99,05;0;0,0;-0,13
2024-12-06;99,91;99,91;99,91;99,91;0;0,0;0,87
2024-12-09;99,76;99,76;99,76;99,76;0;0,0;-0,15
2024-12-10;99,34;99,34;99,34;99,34;0;0,0;-0,42
2024-12-11;99,48;99,48;99,48;99,48;0;0,0;0,14
2024-12-12;100,03;100,03;100,03;100,03;0;0,0;0,55
2024-12-13;100,55;100,55;100,55;100,55;0;0,0;0,52
2024-12-16;100,83;100,83;100,83;100,83;0;0,0;0,28
2024-12-17;99,78;99,78;99,78;99,78;0;0,0;-1,04
2024-12-18;100,49;100,49;100,49;100,49;0;0,0;0,71
2024-12-19;100,23;100,23;100,23;100,23;0;0,0;-0,26
2024-12-20;100,77;100,77;100,77;100,77;0;0,0;0,54
2024-12-23;100,69;100,69;100,69;100,69;0;0,0;-0,08
2024-12-24;100,75;100,75;100,75;100,75;0;0,0;0,06
2024-12-25;100,75;100,75;100,75;100,75;0;0,0;0,0
2024-12-26;100,61;100,61;100,61;100,61;0;0,0;-0,14
2024-12-27;100,68;100,68;100,68;100,68;0;0,0;0,07
2024-12-30;100,62;100,62;100,62;100,62;0;0,0;-0,06
2025-01-02;101,31;101,31;101,31;101,31;0;0,0;0,69
2025-01-03;101,19;101,19;101,19;101,19;0;0,0;-0,12
2025-01-06;100,72;100,72;100,72;100,72;0;0,0;-0,46
2025-01-07;98,93;98,93;98,93;98,93;0;0,0;-1,78
2025-01-08;99,52;99,52;99,52;99,52;0;0,0;0,6
2025-01-09;97,75;97,75;97,75;97,75;0;0,0;-1,78
2025-01-10;97,75;97,75;97,75;97,75;0;0,0;0,0
2025-01-13;98,47;98,47;98,47;98,47;0;0,0;0,74
2025-01-14;98,15;98,15;98,15;98,15;0;0,0;-0,32
2025-01-15;97,74;97,74;97,74;97,74;0;0,0;-0,42
2025-01-16;98,4;98,4;98,4;98,4;0;0,0;0,68
2025-01-17;98,4;98,4;98,4;98,4;0;0,0;0,0
2025-01-20;98,36;98,36;98,36;98,36;0;0,0;-0,04
2025-01-21;97,81;97,81;97,81;97,81;0;0,0;-0,56
2025-01-22;98,39;98,39;98,39;98,39;0;0,0;0,59
2025-01-23;98,09;98,09;98,09;98,09;0;0,0;-0,3
2025-01-24;98,61;98,61;98,61;98,61;0;0,0;0,53
2025-01-27;98,93;98,93;98,93;98,93;0;0,0;0,32
2025-01-28;99,12;99,12;99,12;99,12;0;0,0;0,19
2025-01-29;99,84;99,84;99,84;99,84;0;0,0;0,73
2025-01-30;99,08;99,08;99,08;99,08;0;0,0;-0,76
2025-01-31;100,32;100,32;100,32;100,32;0;0,0;1,25
2025-02-03;99,98;99,98;99,98;99,98;0;0,0;-0,34
2025-02-04;101,33;101,33;101,33;101,33;0;0,0;1,35
2025-02-05;101,25;101,25;101,25;101,25;0;0,0;-0,08
2025-02-06;101,35;101,35;101,35;101,35;0;0,0;0,1
2025-02-07;102,66;102,66;102,66;102,66;0;0,0;1,29
2025-02-10;102,42;102,42;102,42;102,42;0;0,0;-0,23
2025-02-11;101,81;101,81;101,81;101,81;0;0,0;-0,6
2025-02-12;102,61;102,61;102,61;102,61;0;0,0;0,79
2025-02-13;101,3;101,3;101,3;101,3;0;0,0;-1,28
2025-02-14;102,56;102,56;102,56;102,56;0;0,0;1,24
2025-02-17;104,37;104,37;104,37;104,37;0;0,0;1,76
2025-02-18;104,86;104,86;104,86;104,86;0;0,0;0,47
2025-02-19;104,91;104,91;104,91;104,91;0;0,0;0,05
2025-02-20;105,86;105,86;105,86;105,86;0;0,0;0,91
2025-02-21;106,49;106,49;106,49;106,49;0;0,0;0,6
2025-02-24;107,36;107,36;107,36;107,36;0;0,0;0,82
2025-02-25;106,96;106,96;106,96;106,96;0;0,0;-0,37
2025-02-26;107,22;107,22;107,22;107,22;0;0,0;0,24
2025-02-27;106,98;106,98;106,98;106,98;0;0,0;-0,22
2025-02-28;107,43;107,43;107,43;107,43;0;0,0;0,42
2025-03-03;107,99;107,99;107,99;107,99;0;0,0;0,52
2025-03-04;107,95;107,95;107,95;107,95;0;0,0;-0,04
2025-03-05;109,52;109,52;109,52;109,52;0;0,0;1,45
2025-03-06;110,36;110,36;110,36;110,36;0;0,0;0,77
2025-03-07;110,13;110,13;110,13;110,13;0;0,0;-0,21
2025-03-10;110,93;110,93;110,93;110,93;0;0,0;0,73
2025-03-11;110,99;110,99;110,99;110,99;0;0,0;0,05
2025-03-12;111,26;111,26;111,26;111,26;0;0,0;0,24
2025-03-13;111,63;111,63;111,63;111,63;0;0,0;0,33
2025-03-14;111,8;111,8;111,8;111,8;0;0,0;0,15
2025-03-17;111,7;111,7;111,7;111,7;0;0,0;-0,09
2025-03-18;112,68;112,68;112,68;112,68;0;0,0;0,88
2025-03-19;113,72;113,72;113,72;113,72;0;0,0;0,92
2025-03-20;112,77;112,77;112,77;112,77;0;0,0;-0,84
2025-03-21;115,16;115,16;115,16;115,16;0;0,0;2,12
2025-03-24;115,38;115,38;115,38;115,38;0;0,0;0,19
2025-03-25;115,67;115,67;115,67;115,67;0;0,0;0,25
2025-03-26;114,94;114,94;114,94;114,94;0;0,0;-0,63
2025-03-27;114,94;114,94;114,94;114,94;0;0,0;0,0
2025-03-28;114,86;114,86;114,86;114,86;0;0,0;-0,07
2025-03-31;114,86;114,86;114,86;114,86;0;0,0;0,0
2025-04-01;113,51;113,51;113,51;113,51;0;0,0;-1,18
2025-04-02;114,09;114,09;114,09;114,09;0;0,0;0,51
2025-04-03;113,83;113,83;113,83;113,83;0;0,0;-0,23
2025-04-04;113,43;113,43;113,43;113,43;0;0,0;-0,35
2025-04-07;113,92;113,92;113,92;113,92;0;0,0;0,43
2025-04-08;114,24;114,24;114,24;114,24;0;0,0;0,28
2025-04-09;113,91;113,91;113,91;113,91;0;0,0;-0,29
2025-04-10;115,08;115,08;115,08;115,08;0;0,0;1,03
2025-04-11;114,01;114,01;114,01;114,01;0;0,0;-0,93
2025-04-14;115,18;115,18;115,18;115,18;0;0,0;1,03
2025-04-15;115,27;115,27;115,27;115,27;0;0,0;0,08
2025-04-16;114,79;114,79;114,79;114,79;0;0,0;-0,42
2025-04-17;115,24;115,24;115,24;115,24;0;0,0;0,39
2025-04-18;114,58;114,58;114,58;114,58;0;0,0;-0,57
2025-04-21;114,58;114,58;114,58;114,58;0;0,0;0,0
2025-04-22;115,41;115,41;115,41;115,41;0;0,0;0,72
2025-04-23;115,24;115,24;115,24;115,24;0;0,0;-0,15
2025-04-24;115,64;115,64;115,64;115,64;0;0,0;0,35
2025-04-25;115,37;115,37;115,37;115,37;0;0,0;-0,23
2025-04-28;114,59;114,59;114,59;114,59;0;0,0;-0,68
2025-04-29;114,15;114,15;114,15;114,15;0;0,0;-0,38
2025-04-30;113,32;113,32;113,32;113,32;0;0,0;-0,73
2025-05-01;113,32;113,32;113,32;113,32;0;0,0;0,0
2025-05-02;113,84;113,84;113,84;113,84;0;0,0;0,46
2025-05-05;112,66;112,66;112,66;112,66;0;0,0;-1,04
2025-05-06;113,47;113,47;113,47;113,47;0;0,0;0,72
2025-05-07;113,96;113,96;113,96;113,96;0;0,0;0,43
2025-05-08;113,97;113,97;113,97;113,97;0;0,0;0,01
2025-05-09;114,73;114,73;114,73;114,73;0;0,0;0,67
2025-05-12;114,33;114,33;114,33;114,33;0;0,0;-0,35
2025-05-13;114,32;114,32;114,32;114,32;0;0,0;-0,01
2025-05-14;115,43;115,43;115,43;115,43;0;0,0;0,97
2025-05-15;116,96;116,96;116,96;116,96;0;0,0;1,33
2025-05-16;117,8;117,8;117,8;117,8;0;0,0;0,72
2025-05-19;117,6;117,6;117,6;117,6;0;0,0;-0,17
2025-05-20;119,0;119,0;119,0;119,0;0;0,0;1,19
2025-05-21;117,88;117,88;117,88;117,88;0;0,0;-0,94
2025-05-22;119,28;119,28;119,28;119,28;0;0,0;1,19
2025-05-23;120,15;120,15;120,15;120,15;0;0,0;0,73
2025-05-26;120,24;120,24;120,24;120,24;0;0,0;0,07
2025-05-27;120,11;120,11;120,11;120,11;0;0,0;-0,11
2025-05-28;118,86;118,86;118,86;118,86;0;0,0;-1,04
2025-05-29;118,86;118,86;118,86;118,86;0;0,0;0,0
2025-05-30;118,36;118,36;118,36;118,36;0;0,0;-0,42
2025-06-02;117,58;117,58;117,58;117,58;0;0,0;-0,66
2025-06-03;116,28;116,28;116,28;116,28;0;0,0;-1,11
2025-06-04;117,5;117,5;117,5;117,5;0;0,0;1,05
2025-06-05;117,56;117,56;117,56;117,56;0;0,0;0,05
2025-06-10;118,96;118,96;118,96;118,96;0;0,0;1,19
2025-06-11;120,37;120,37;120,37;120,37;0;0,0;1,19
2025-06-12;119,84;119,84;119,84;119,84;0;0,0;-0,44
2025-06-13;120,11;120,11;120,11;120,11;0;0,0;0,23
2025-06-16;120,57;120,57;120,57;120,57;0;0,0;0,38
2025-06-17;120,46;120,46;120,46;120,46;0;0,0;-0,09
2025-06-18;120,94;120,94;120,94;120,94;0;0,0;0,4
2025-06-19;122,61;122,61;122,61;122,61;0;0,0;1,38
2025-06-20;123,16;123,16;123,16;123,16;0;0,0;0,45
2025-06-23;124,56;124,56;124,56;124,56;0;0,0;1,14
2025-06-24;123,32;123,32;123,32;123,32;0;0,0;-1,0
2025-06-25;123,75;123,75;123,75;123,75;0;0,0;0,35
2025-06-26;123,58;123,58;123,58;123,58;0;0,0;-0,14
2025-06-27;123,18;123,18;123,18;123,18;0;0,0;-0,32
2025-06-30;123,39;123,39;123,39;123,39;0;0,0;0,17
2025-07-01;123,03;123,03;123,03;123,03;0;0,0;-0,29
2025-07-02;122,09;122,09;122,09;122,09;0;0,0;-0,76
2025-07-03;121,66;121,66;121,66;121,66;0;0,0;-0,35
2025-07-04;122,75;122,75;122,75;122,75;0;0,0;0,9
2025-07-07;122,2;122,2;122,2;122,2;0;0,0;-0,45
2025-07-08;120,31;120,31;120,31;120,31;0;0,0;-1,55
2025-07-09;120,74;120,74;120,74;120,74;0;0,0;0,36
2025-07-10;121,75;121,75;121,75;121,75;0;0,0;0,84
2025-07-11;122,78;122,78;122,78;122,78;0;0,0;0,85
2025-07-14;122,53;122,53;122,53;122,53;0;0,0;-0,2
2025-07-15;122,02;122,02;122,02;122,02;0;0,0;-0,42
2025-07-16;122,95;122,95;122,95;122,95;0;0,0;0,76
2025-07-17;122,27;122,27;122,27;122,27;0;0,0;-0,55
2025-07-18;121,39;121,39;121,39;121,39;0;0,0;-0,72
2025-07-21;122,39;122,39;122,39;122,39;0;0,0;0,82
2025-07-22;122,66;122,66;122,66;122,66;0;0,0;0,22
2025-07-23;123,03;123,03;123,03;123,03;0;0,0;0,3
2025-07-24;123,48;123,48;123,48;123,48;0;0,0;0,37
2025-07-25;122,93;122,93;122,93;122,93;0;0,0;-0,45
2025-07-28;122,81;122,81;122,81;122,81;0;0,0;-0,1
2025-07-29;122,52;122,52;122,52;122,52;0;0,0;-0,24
2025-07-30;122,89;122,89;122,89;122,89;0;0,0;0,3
2025-07-31;121,53;121,53;121,53;121,53;0;0,0;-1,11
2025-08-01;121,93;121,93;121,93;121,93;0;0,0;0,33
2025-08-04;120,6;120,6;120,6;120,6;0;0,0;-1,09
2025-08-05;121,23;121,23;121,23;121,23;0;0,0;0,52
2025-08-06;121,47;121,47;121,47;121,47;0;0,0;0,2
2025-08-07;121,47;121,47;121,47;121,47;0;0,0;0,0
2025-08-08;120,64;120,64;120,64;120,64;0;0,0;-0,68
2025-08-11;121,3;121,3;121,3;121,3;0;0,0;0,55
2025-08-12;121,75;121,75;121,75;121,75;0;0,0;0,37
2025-08-13;122,29;122,29;122,29;122,29;0;0,0;0,44
2025-08-14;122,1;122,1;122,1;122,1;0;0,0;-0,16
2025-08-15;122,1;122,1;122,1;122,1;0;0,0;0,0
2025-08-18;123,28;123,28;123,28;123,28;0;0,0;0,97
2025-08-19;123,72;123,72;123,72;123,72;0;0,0;0,36
2025-08-20;124,63;124,63;124,63;124,63;0;0,0;0,74
2025-08-21;124,47;124,47;124,47;124,47;0;0,0;-0,13
2025-08-22;124,83;124,83;124,83;124,83;0;0,0;0,29
2025-08-25;123,95;123,95;123,95;123,95;0;0,0;-0,7
2025-08-26;124,92;124,92;124,92;124,92;0;0,0;0,78
2025-08-27;124,6;124,6;124,6;124,6;0;0,0;-0,26
2025-08-28;124,36;124,36;124,36;124,36;0;0,0;-0,19
2025-08-29;125,26;125,26;125,26;125,26;0;0,0;0,72
2025-09-01;125,48;125,48;125,48;125,48;0;0,0;0,18
2025-09-02;125,97;125,97;125,97;125,97;0;0,0;0,39
2025-09-03;126,28;126,28;126,28;126,28;0;0,0;0,25
2025-09-04;126,28;126,28;126,28;126,28;0;0,0;0,0
2025-09-05;128,07;128,07;128,07;128,07;0;0,0;1,42
2025-09-08;128,67;128,67;128,67;128,67;0;0,0;0,47
2025-09-09;129,45;129,45;129,45;129,45;0;0,0;0,61
2025-09-10;131,0;131,0;131,0;131,0;0;0,0;1,2
2025-09-11;132,02;132,02;132,02;132,02;0;0,0;0,78
2025-09-12;131,45;131,45;131,45;131,45;0;0,0;-0,43
2025-09-15;132,33;132,33;132,33;132,33;0;0,0;0,67
2025-09-16;132,18;132,18;132,18;132,18;0;0,0;-0,11
2025-09-17;133,03;133,03;133,03;133,03;0;0,0;0,64
2025-09-18;133,39;133,39;133,39;133,39;0;0,0;0,27
2025-09-19;134,61;134,61;134,61;134,61;0;0,0;0,91
2025-09-22;133,97;133,97;133,97;133,97;0;0,0;-0,48
2025-09-23;133,99;133,99;133,99;133,99;0;0,0;0,01
2025-09-24;134,51;134,51;134,51;134,51;0;0,0;0,39
2025-09-25;135,0;135,0;135,0;135,0;0;0,0;0,36
2025-09-26;135,66;135,66;135,66;135,66;0;0,0;0,49
2025-09-29;135,25;135,25;135,25;135,25;0;0,0;-0,3
2025-09-30;135,92;135,92;135,92;135,92;0;0,0;0,5
2025-10-01;135,92;135,92;135,92;135,92;0;0,0;0,0
2025-10-02;135,6;135,6;135,6;135,6;0;0,0;-0,24
2025-10-03;135,67;135,67;135,67;135,67;0;0,0;0,05
2025-10-06;135,15;135,15;135,15;135,15;0;0,0;-0,38
2025-10-07;135,61;135,61;135,61;135,61;0;0,0;0,34
2025-10-08;136,91;136,91;136,91;136,91;0;0,0;0,96
2025-10-09;138,18;138,18;138,18;138,18;0;0,0;0,93
2025-10-10;138,77;138,77;138,77;138,77;0;0,0;0,43
2025-10-13;139,77;139,77;139,77;139,77;0;0,0;0,72
2025-10-14;139,34;139,34;139,34;139,34;0;0,0;-0,31
2025-10-15;141,49;141,49;141,49;141,49;0;0,0;1,54
2025-10-16;139,43;139,43;139,43;139,43;0;0,0;-1,46
2025-10-17;140,3;140,3;140,3;140,3;0;0,0;0,62
2025-10-20;140,85;140,85;140,85;140,85;0;0,0;0,39
2025-10-21;140,19;140,19;140,19;140,19;0;0,0;-0,47
2025-10-22;141,43;141,43;141,43;141,43;0;0,0;0,88
2025-10-23;141,63;141,63;141,63;141,63;0;0,0;0,14
2025-10-24;141,96;141,96;141,96;141,96;0;0,0;0,23
2025-10-27;143,73;143,73;143,73;143,73;0;0,0;1,25
2025-10-28;143,16;143,16;143,16;143,16;0;0,0;-0,4
2025-10-29;144,31;144,31;144,31;144,31;0;0,0;0,8
2025-10-30;144,05;144,05;144,05;144,05;0;0,0;-0,18
2025-10-31;143,59;143,59;143,59;143,59;0;0,0;-0,32
2025-11-03;141,7;141,7;141,7;141,7;0;0,0;-1,32
2025-11-04;141,89;141,89;141,89;141,89;0;0,0;0,13
2025-11-05;141,46;141,46;141,46;141,46;0;0,0;-0,3
2025-11-06;143,92;143,92;143,92;143,92;0;0,0;1,74
2025-11-07;143,65;143,65;143,65;143,65;0;0,0;-0,19
2025-11-10;143,6;143,6;143,6;143,6;0;0,0;-0,03
2025-11-11;143,57;143,57;143,57;143,57;0;0,0;-0,02
2025-11-12;143,22;143,22;143,22;143,22;0;0,0;-0,24
2025-11-13;142,91;142,91;142,91;142,91;0;0,0;-0,22
2025-11-14;142,95;142,95;142,95;142,95;0;0,0;0,03
2025-11-17;144,87;144,87;144,87;144,87;0;0,0;1,34
2025-11-18;144,9;144,9;144,9;144,9;0;0,0;0,02
2025-11-19;145,93;145,93;145,93;145,93;0;0,0;0,71
2025-11-20;145,65;145,65;145,65;145,65;0;0,0;-0,19
2025-11-21;145,87;145,87;145,87;145,87;0;0,0;0,15
2025-11-24;145,7;145,7;145,7;145,7;0;0,0;-0,12
2025-11-25;145,58;145,58;145,58;145,58;0;0,0;-0,08
2025-11-26;144,93;144,93;144,93;144,93;0;0,0;-0,45
2025-11-27;144,82;144,82;144,82;144,82;0;0,0;-0,08
2025-11-28;145,23;145,23;145,23;145,23;0;0,0;0,28
2025-12-01;148,25;148,25;148,25;148,25;0;0,0;2,08
2025-12-02;146,77;146,77;146,77;146,77;0;0,0;-1,0
2025-12-03;148,41;148,41;148,41;148,41;0;0,0;1,12
2025-12-04;150,14;150,14;150,14;150,14;0;0,0;1,17
2025-12-05;149,52;149,52;149,52;149,52;0;0,0;-0,41
2025-12-08;150,01;150,01;150,01;150,01;0;0,0;0,33
2025-12-09;147,92;147,92;147,92;147,92;0;0,0;-1,39
2025-12-10;147,03;147,03;147,03;147,03;0;0,0;-0,6
2025-12-11;147,88;147,88;147,88;147,88;0;0,0;0,58
2025-12-12;147,38;147,38;147,38;147,38;0;0,0;-0,34
2025-12-15;147,41;147,41;147,41;147,41;0;0,0;0,02
2025-12-16;147,37;147,37;147,37;147,37;0;0,0;-0,03
2025-12-17;147,33;147,33;147,33;147,33;0;0,0;-0,03
2025-12-18;146,37;146,37;146,37;146,37;0;0,0;-0,65
2025-12-19;147,3;147,3;147,3;147,3;0;0,0;0,64
2025-12-22;145,46;145,46;145,46;145,46;0;0,0;-1,25
2025-12-23;145,2;145,2;145,2;145,2;0;0,0;-0,18
2025-12-24;145,0;145,0;145,0;145,0;0;0,0;-0,14
2025-12-25;145,0;145,0;145,0;145,0;0;0,0;0,0
2025-12-26;145,91;145,91;145,91;145,91;0;0,0;0,63
2025-12-29;146,08;146,08;146,08;146,08;0;0,0;0,12
2025-12-30;147,59;147,59;147,59;147,59;0;0,0;1,03
2025-12-31;148,41;148,41;148,41;148,41;0;0,0;0,56
